Restaurant ID,Restaurant name,Subzone,City,Overview,Metric,"02 Jun, 2026","03 Jun, 2026","04 Jun, 2026","05 Jun, 2026","06 Jun, 2026","07 Jun, 2026","08 Jun, 2026","09 Jun, 2026","10 Jun, 2026","11 Jun, 2026","12 Jun, 2026","13 Jun, 2026","14 Jun, 2026","15 Jun, 2026","16 Jun, 2026","17 Jun, 2026","18 Jun, 2026","19 Jun, 2026","20 Jun, 2026","21 Jun, 2026","22 Jun, 2026","23 Jun, 2026","24 Jun, 2026","25 Jun, 2026","26 Jun, 2026","27 Jun, 2026","28 Jun, 2026","29 Jun, 2026","30 Jun, 2026","01 Jul, 2026"
19461401,Alpha Biryani,Whitefield,Bengaluru,Sales,Delivered orders,5,2,1,0,0,3,2,1,1,1,1,2,4,3,8,5,7,6,12,9,6,8,10,7,7,8,7,8,6,6
19461401,Alpha Biryani,Whitefield,Bengaluru,Sales,Sales (Rs),2032,1114,238,0,0,1029,612,168,442,386,568,476,2035,1123.4000244140625,1869.5,1192.800048828125,1268.5999755859375,2541.669921875,1998.800048828125,2680.39990234375,1485.6300048828125,1867.969970703125,2283.400146484375,1595.4000244140625,1940.800048828125,1946.4000244140625,1909.800048828125,1879,2160.39990234375,1088
19461401,Alpha Biryani,Whitefield,Bengaluru,Sales,Market share (%),0,0,0,0,0,0,0,0,0,0,0,0,0,0,0,0,0,0,0,0,0,0,0,0,0,0,0,0,0,0
19461401,Alpha Biryani,Whitefield,Bengaluru,Customer experience,Average rating,3.717099905014038,3.723299980163574,3.723400115966797,3.7228000164031982,3.722399950027466,3.726099967956543,3.7260000705718994,3.7256999015808105,3.725600004196167,3.7251999378204346,3.724600076675415,3.7244999408721924,3.72379994392395,3.728800058364868,3.7286999225616455,3.7288999557495117,3.7279000282287598,3.72760009765625,3.7286999225616455,3.7283999919891357,3.7399001121520996,3.7421998977661133,3.7353999614715576,3.7374000549316406,3.7367000579833984,3.732100009918213,3.7295000553131104,3.7400999069213867,3.745800018310547,3.7513999938964844
19461401,Alpha Biryani,Whitefield,Bengaluru,Customer experience,Rated orders,0,0,0,0,0,0,0,0,0,0,0,1,1,0,1,1,0,0,4,4,2,0,1,2,1,1,1,0,2,0
19461401,Alpha Biryani,Whitefield,Bengaluru,Customer experience,Bad orders,0,0,0,0,0,0,0,1,0,0,0,0,0,1,2,1,2,1,3,3,2,0,2,1,1,0,0,1,1,0
19461401,Alpha Biryani,Whitefield,Bengaluru,Customer experience,Rejected orders,0,0,0,0,0,0,0,0,0,0,0,0,0,0,0,0,0,0,0,0,0,0,0,0,0,0,0,0,0,0
19461401,Alpha Biryani,Whitefield,Bengaluru,Customer experience,KPT+10 delayed orders,0,0,0,0,0,0,0,1,0,0,0,0,0,1,1,0,2,1,1,2,1,0,1,0,1,0,0,0,1,0
19461401,Alpha Biryani,Whitefield,Bengaluru,Customer experience,Poor rated orders,0,0,0,0,0,0,0,0,0,0,0,0,0,0,1,0,0,0,1,1,1,0,1,0,0,0,0,0,0,0
19461401,Alpha Biryani,Whitefield,Bengaluru,Customer experience,Total complaints,0,0,0,0,0,0,0,0,0,0,0,0,0,0,0,1,0,0,1,0,0,0,1,1,0,0,0,1,0,0
19461401,Alpha Biryani,Whitefield,Bengaluru,Customer experience,Non-refunded complaints,0,0,0,0,0,0,0,0,0,0,0,0,0,0,0,0,0,0,1,0,0,0,1,1,0,0,0,1,0,0
19461401,Alpha Biryani,Whitefield,Bengaluru,Customer experience,Total complaints - Poor packaging,0,0,0,0,0,0,0,0,0,0,0,0,0,0,0,0,0,0,0,0,0,0,0,0,0,0,0,0,0,0
19461401,Alpha Biryani,Whitefield,Bengaluru,Customer experience,Total complaints - Poor quality,0,0,0,0,0,0,0,0,0,0,0,0,0,0,0,0,0,0,1,0,0,0,1,0,0,0,0,1,0,0
19461401,Alpha Biryani,Whitefield,Bengaluru,Customer experience,Total complaints - Wrong order,0,0,0,0,0,0,0,0,0,0,0,0,0,0,0,0,0,0,0,0,0,0,0,0,0,0,0,0,0,0
19461401,Alpha Biryani,Whitefield,Bengaluru,Customer experience,Total complaints - Missing items,0,0,0,0,0,0,0,0,0,0,0,0,0,0,0,1,0,0,0,0,0,0,0,1,0,0,0,0,0,0
19461401,Alpha Biryani,Whitefield,Bengaluru,Customer experience,Self logs other ors,0,0,0,0,0,0,0,0,0,0,0,0,0,0,1,0,0,0,0,2,2,0,4,0,0,0,0,0,0,0
19461401,Alpha Biryani,Whitefield,Bengaluru,Customer experience,Lost sales (Rs),0,0,0,0,0,0,0,0,0,0,0,0,0,0,0,0,0,0,0,0,0,0,0,0,0,0,0,0,0,0
19461401,Alpha Biryani,Whitefield,Bengaluru,Customer experience,Online %,100,100,100,100,100,100,100,100,83.06,81.59,99.49,100,100,100,100,100,100,100,100,100,100,100,100,100,100,100,100,100,100,100
19461401,Alpha Biryani,Whitefield,Bengaluru,Customer experience,Offline time (in hours),0,0,0,0,0,0,0,0,2,2,0,0,0,0,0,0,0,0,0,0,0,0,0,0,0,0,0,0,0,0
19461401,Alpha Biryani,Whitefield,Bengaluru,Customer experience,KPT (in minutes),12.83,15.29,10.4,0,0,9.96,15.075,32.23,17.83,24.33,25.58,7.75,17.4075,14.0067,14.738,7.6575,9.73,20.9367,5.8154,17.205,30.24,9.4538,17.502,10.5583,15.3757,10.68,13.968,12.62,13.1883,15.628
19461401,Alpha Biryani,Whitefield,Bengaluru,Customer experience,FOR accuracy (%),60,50,100,0,0,100,100,100,100,100,100,50,75,66.7,62.5,40,75,83.3,57.1,88.9,100,87.5,100,100,100,75,57.1,60,66.7,83.3
19461401,Alpha Biryani,Whitefield,Bengaluru,Customer funnel,Impressions,839,618,522,650,668,861,605,643,552,411,2115,1647,1996,1143,1058,1028,763,1145,1836,1373,1019,1304,1191,941,1213,1665,1792,1377,1253,1004
19461401,Alpha Biryani,Whitefield,Bengaluru,Customer funnel,Impressions to menu (%),5.4,6.3,7.3,6.8,5.2,7.4,5,4.8,5.8,6.1,5.6,5,4.2,6.8,6.4,6.3,7.5,6.5,6,5.6,7.3,8.1,7.2,6.4,6.5,6.5,5.2,6.8,5.7,6.7
19461401,Alpha Biryani,Whitefield,Bengaluru,Customer funnel,Menu opens,45,39,38,44,35,64,30,31,32,25,118,82,84,78,68,65,57,74,111,77,74,105,86,60,79,108,93,93,72,67
19461401,Alpha Biryani,Whitefield,Bengaluru,Customer funnel,Menu to cart (%),26.7,46.2,26.3,40.9,28.6,29.7,33.3,32.3,31.3,40,22,31.7,20.2,39.7,45.6,41.5,42.1,40.5,42.3,48.1,41.9,35.2,34.9,43.3,39.2,36.1,39.8,38.7,41.7,43.3
19461401,Alpha Biryani,Whitefield,Bengaluru,Customer funnel,Cart builds,12,18,10,18,10,19,10,10,10,10,26,26,17,31,31,27,24,30,47,37,31,37,30,26,31,39,37,36,30,29
19461401,Alpha Biryani,Whitefield,Bengaluru,Customer funnel,Cart to orders (%),41.7,11.1,10,0,0,15.8,20,10,10,10,3.8,7.7,23.5,9.7,25.8,18.5,33.3,20,29.8,24.3,19.4,21.6,33.3,26.9,22.6,20.5,18.9,27.8,20,20.7
19461401,Alpha Biryani,Whitefield,Bengaluru,Customer funnel,Placed Orders,5,2,1,0,0,3,2,1,1,1,1,2,4,3,8,5,8,6,14,9,6,8,10,7,7,8,7,10,6,6
19461401,Alpha Biryani,Whitefield,Bengaluru,Customer segmentation,New user orders,3,0,0,0,0,0,1,1,0,0,0,2,0,0,3,4,2,3,5,7,3,4,2,4,3,4,5,4,2,4
19461401,Alpha Biryani,Whitefield,Bengaluru,Customer segmentation,Repeat user orders,0,1,0,0,0,3,1,0,1,1,0,0,2,2,3,0,0,3,7,1,2,1,5,2,3,4,2,3,2,1
19461401,Alpha Biryani,Whitefield,Bengaluru,Customer segmentation,Lapsed user orders,2,1,1,0,0,0,0,0,0,0,1,0,2,1,2,1,6,0,2,1,1,3,3,1,1,0,0,3,2,1
19461401,Alpha Biryani,Whitefield,Bengaluru,Customer segmentation,Breakfast orders,0,0,0,0,0,0,0,0,0,0,0,0,0,0,0,0,0,0,0,0,0,0,0,0,0,0,0,0,0,0
19461401,Alpha Biryani,Whitefield,Bengaluru,Customer segmentation,Lunch orders,0,1,0,0,0,1,0,1,1,0,0,1,1,1,2,1,3,1,4,2,1,3,2,1,5,2,4,2,2,1
19461401,Alpha Biryani,Whitefield,Bengaluru,Customer segmentation,Snacks orders,1,0,0,0,0,0,0,0,0,0,0,0,0,0,0,1,0,0,0,1,0,0,1,1,0,0,0,1,0,0
19461401,Alpha Biryani,Whitefield,Bengaluru,Customer segmentation,Dinner orders,2,1,0,0,0,2,2,0,0,1,1,1,0,2,3,1,1,4,2,2,2,3,3,3,1,5,2,6,3,2
19461401,Alpha Biryani,Whitefield,Bengaluru,Customer segmentation,Late night orders,2,0,1,0,0,0,0,0,0,0,0,0,3,0,3,2,4,1,8,4,3,2,4,2,1,1,1,1,1,3
19461401,Alpha Biryani,Whitefield,Bengaluru,Ads,Sales from ads (Rs),0,0,0,0,0,0,0,0,0,0,568,476,1464,797.4,582.9,826.8,1399.2,2360.5099999999998,461,2300.4,1185.63,1867.9700000000003,1057.8,988.2,1298.8,872.2,1473.8,1147.6,1893.4,0
19461401,Alpha Biryani,Whitefield,Bengaluru,Ads,Ads CTR (%),0,0,0,0,0,0,0,0,0,0,5.8,5.1,4.3,6.8,7.5,6.6,7.9,7.9,6.2,6.5,8.2,9.2,6.8,6.3,9.4,6.8,5.2,7.9,7.6,0
19461401,Alpha Biryani,Whitefield,Bengaluru,Ads,Ads impressions,0,0,0,0,0,0,0,0,0,0,1721,1173,1361,755,604,592,403,559,1012,643,560,599,630,493,478,501,655,484,498,0
19461401,Alpha Biryani,Whitefield,Bengaluru,Ads,Ads menu opens,0,0,0,0,0,0,0,0,0,0,100,60,58,51,45,39,32,44,63,42,46,55,43,31,45,34,34,38,38,0
19461401,Alpha Biryani,Whitefield,Bengaluru,Ads,Ads orders,0,0,0,0,0,0,0,0,0,0,1,2,3,2,3,3,7,5,3,6,5,8,5,4,4,3,6,5,5,0
19461401,Alpha Biryani,Whitefield,Bengaluru,Ads,Ads spend (Rs),0,0,0,0,0,0,0,0,0,0,252,168.00001525878906,84.00000762939453,147.00001525878906,147.00001525878906,147.00001525878906,126,126,126,63,147.00001525878906,147.00001525878906,147.00001525878906,136.50001525878906,115.5,115.5,73.50000762939453,136.50001525878906,94.50000762939453,0
19461401,Alpha Biryani,Whitefield,Bengaluru,Ads,Ads ROI,0,0,0,0,0,0,0,0,0,0,2.8492063492063493,3.7857139418725567,20.99999809265154,5.775509604576308,5.693876959988657,6.93197206956803,17.6984126984127,23.58730158730159,6.753968253968254,54.46031746031746,12.047617797060825,18.33333143030995,10.578230194483108,9.794870699942374,14.718614718614718,11.445887445887445,27.224486969981605,15.084247398041398,25.661373589621764,0
19461401,Alpha Biryani,Whitefield,Bengaluru,Offers,Orders with offers,2032,396,0,0,0,0,194,168,442,386,568,476,1767,547.4,1869.5,879.8,1546.6,2541.67,2280,2680.4,1185.63,1867.97,1970.4,1595.4,1940.8,1946.4,1909.8,1777,1712.4,1088
19461401,Alpha Biryani,Whitefield,Bengaluru,Offers,Gross sales from offers (Rs),5,1,0,0,0,0,1,1,1,1,1,2,3,2,8,4,8,6,13,9,5,8,9,7,7,8,7,8,5,6
19461401,Alpha Biryani,Whitefield,Bengaluru,Offers,Discount given (Rs),540,150,0,0,0,0,80,80,150,150,150,160,450,231.5999984741211,1030.4999961853027,432.1999969482422,946.4000015258789,743.9899864196777,1684,1489.6000061035156,585.3700103759766,827.0300064086914,918.6000061035156,667.6000061035156,781.1999969482422,1100.6000061035156,767.1999969482422,1233,765.5999984741211,740
19461401,Alpha Biryani,Whitefield,Bengaluru,Offers,Effective discount (%),26.5748031496063,37.878787878787875,0,0,0,0,41.23711340206186,47.61904761904762,33.93665158371041,38.86010362694301,26.408450704225352,33.61344537815126,25.466893039049236,42.30909538632665,55.121690087472736,49.12480142588339,61.192293835859545,29.271699681240804,73.85964912280701,55.57379720843165,49.37206446912032,44.274266684136684,46.61997537158373,41.845304994821156,40.25144153412088,56.54541678475556,40.17174454566617,69.38660664040518,44.709179371571715,68.01470588235294
20017442,Mann Food Court,"ITPL Main Road, Whitefield",Bengaluru,Sales,Delivered orders,33,25,18,42,34,64,32,37,26,21,41,45,45,30,41,37,44,47,46,46,21,22,36,29,27,30,41,24,32,18
20017442,Mann Food Court,"ITPL Main Road, Whitefield",Bengaluru,Sales,Sales (Rs),12080.8994140625,9002.150390625,6353.2998046875,18195.849609375,13866.849609375,24653,10280.099609375,13834.4501953125,8860.099609375,7765.89990234375,15078.150390625,22153.650390625,20722.80078125,9892.0498046875,12480.099609375,15122.2001953125,15020.150390625,20689.599609375,17288.44921875,18128.5,7578.35009765625,7148.7998046875,13387.5498046875,13275.900390625,10219.5,13872.849609375,16481.75,8435.900390625,12893.849609375,7074.75
20017442,Mann Food Court,"ITPL Main Road, Whitefield",Bengaluru,Sales,Market share (%),0,0,0,0,0,0,0,0,0,0,0,0,0,0,0,0,0,0,0,0,0,0,0,0,0,0,0,0,0,0
20017442,Mann Food Court,"ITPL Main Road, Whitefield",Bengaluru,Customer experience,Average rating,3.8517000675201416,3.837599992752075,3.8413000106811523,3.847899913787842,3.848099946975708,3.8348000049591064,3.8401999473571777,3.8378000259399414,3.852400064468384,3.839099884033203,3.8401999473571777,3.825000047683716,3.822200059890747,3.8199000358581543,3.819999933242798,3.807800054550171,3.8080999851226807,3.7853000164031982,3.7760000228881836,3.7792999744415283,3.7916998863220215,3.788800001144409,3.788800001144409,3.7711000442504883,3.7762999534606934,3.7736001014709473,3.765700101852417,3.7553999423980713,3.7506000995635986,3.760999917984009
20017442,Mann Food Court,"ITPL Main Road, Whitefield",Bengaluru,Customer experience,Rated orders,1,1,1,4,2,3,6,3,1,2,1,4,5,4,3,5,3,3,4,1,1,2,4,3,2,2,1,1,3,3
20017442,Mann Food Court,"ITPL Main Road, Whitefield",Bengaluru,Customer experience,Bad orders,1,0,1,10,2,8,3,13,3,5,5,8,10,5,2,10,10,7,6,5,3,2,4,4,3,4,4,2,1,4
20017442,Mann Food Court,"ITPL Main Road, Whitefield",Bengaluru,Customer experience,Rejected orders,0,0,0,1,0,0,0,0,0,0,0,0,0,0,0,0,0,0,0,0,0,1,0,0,0,0,0,0,0,0
20017442,Mann Food Court,"ITPL Main Road, Whitefield",Bengaluru,Customer experience,KPT+10 delayed orders,1,0,0,7,1,8,2,10,2,4,5,5,8,3,1,7,7,6,4,5,1,0,2,4,1,2,2,2,0,1
20017442,Mann Food Court,"ITPL Main Road, Whitefield",Bengaluru,Customer experience,Poor rated orders,0,0,1,2,0,0,1,3,0,2,1,3,2,2,1,2,3,0,1,0,1,1,1,0,1,1,1,0,1,3
20017442,Mann Food Court,"ITPL Main Road, Whitefield",Bengaluru,Customer experience,Total complaints,0,0,0,0,1,1,0,3,1,0,0,1,1,1,0,2,0,1,2,0,1,0,1,0,1,2,1,0,0,2
20017442,Mann Food Court,"ITPL Main Road, Whitefield",Bengaluru,Customer experience,Non-refunded complaints,0,0,0,0,1,0,0,2,1,0,0,0,1,1,0,0,0,1,2,0,0,0,0,0,0,2,1,0,0,1
20017442,Mann Food Court,"ITPL Main Road, Whitefield",Bengaluru,Customer experience,Total complaints - Poor packaging,0,0,0,0,0,0,0,0,0,0,0,0,1,0,0,0,0,0,1,0,0,0,0,0,0,0,0,0,0,0
20017442,Mann Food Court,"ITPL Main Road, Whitefield",Bengaluru,Customer experience,Total complaints - Poor quality,0,0,0,0,1,0,0,2,0,0,0,1,1,1,0,2,0,1,2,0,1,0,0,0,1,1,0,0,0,1
20017442,Mann Food Court,"ITPL Main Road, Whitefield",Bengaluru,Customer experience,Total complaints - Wrong order,0,0,0,0,0,1,0,1,1,0,0,0,1,0,0,1,0,0,0,0,0,0,1,0,1,0,0,0,0,2
20017442,Mann Food Court,"ITPL Main Road, Whitefield",Bengaluru,Customer experience,Total complaints - Missing items,0,0,0,0,0,0,0,2,0,0,0,0,1,0,0,0,0,1,0,0,0,0,0,0,0,1,1,0,0,0
20017442,Mann Food Court,"ITPL Main Road, Whitefield",Bengaluru,Customer experience,Self logs other ors,1,2,1,4,2,6,2,3,0,1,1,3,2,1,1,5,4,2,2,3,1,1,1,2,1,2,1,0,0,0
20017442,Mann Food Court,"ITPL Main Road, Whitefield",Bengaluru,Customer experience,Lost sales (Rs),0,0,0,716.4,0,0,0,0,0,0,0,0,0,0,0,0,0,0,0,0,0,265.75,0,0,0,0,0,0,0,0
20017442,Mann Food Court,"ITPL Main Road, Whitefield",Bengaluru,Customer experience,Online %,100,100,100,100,100,100,100,100,82.65,81.59,99.24,100,100,100,100,100,100,100,100,100,100,100,100,100,100,100,100,100,100,100
20017442,Mann Food Court,"ITPL Main Road, Whitefield",Bengaluru,Customer experience,Offline time (in hours),0,0,0,0,0,0,0,0,2,2,0,0,0,0,0,0,0,0,0,0,0,0,0,0,0,0,0,0,0,0
20017442,Mann Food Court,"ITPL Main Road, Whitefield",Bengaluru,Customer experience,KPT (in minutes),16.061,12.6367,12.2807,15.0929,14.3147,16.2653,16.8326,20.9097,16.6787,19.3635,16.972,18.8605,20.1686,16.3124,16.6392,23.3763,18.3639,20.93,18.1513,20.3495,15.8243,13.434,12.6072,17.9908,17.5219,17.6274,15.7359,16.678,13.0781,17.5022
20017442,Mann Food Court,"ITPL Main Road, Whitefield",Bengaluru,Customer experience,FOR accuracy (%),93.9,84,94.4,68.2,82.9,82.1,90.6,68.4,76.9,68.2,70.7,80.4,75.6,76.7,73.2,78.4,86.7,76.6,95.7,93.5,81,60.9,73.7,79.3,77.8,86.7,90.2,87.5,87.5,88.9
20017442,Mann Food Court,"ITPL Main Road, Whitefield",Bengaluru,Customer funnel,Impressions,2171,1425,1635,4311,6156,7578,4206,4172,4273,3572,4909,5709,8389,3986,3931,4859,3914,4948,6638,6154,3704,3735,3863,3456,4863,4622,6679,3859,4783,1940
20017442,Mann Food Court,"ITPL Main Road, Whitefield",Bengaluru,Customer funnel,Impressions to menu (%),10,9.4,7.4,7,6.4,6.6,6.9,7.2,6.5,5.9,7,6.2,6.1,6.9,8.1,7.5,7.4,7,6.6,5.8,6.1,7.3,7.9,7.9,6.8,6.7,6.8,7.1,7.2,7.7
20017442,Mann Food Court,"ITPL Main Road, Whitefield",Bengaluru,Customer funnel,Menu opens,217,134,121,301,397,498,290,299,276,212,344,355,510,274,319,362,291,344,435,355,227,273,307,274,330,308,457,275,342,150
20017442,Mann Food Court,"ITPL Main Road, Whitefield",Bengaluru,Customer funnel,Menu to cart (%),35.9,47,47.9,39.2,33.5,36.5,30,35.8,26.8,31.1,34.6,33.5,30.8,33.2,40.1,30.4,38.1,34.6,35.2,35.2,33.9,33,30.6,32.8,31.5,35.4,31.5,34.5,30.4,29.3
20017442,Mann Food Court,"ITPL Main Road, Whitefield",Bengaluru,Customer funnel,Cart builds,78,63,58,118,133,182,87,107,74,66,119,119,157,91,128,110,111,119,153,125,77,90,94,90,104,109,144,95,104,44
20017442,Mann Food Court,"ITPL Main Road, Whitefield",Bengaluru,Customer funnel,Cart to orders (%),42.3,39.7,31,37.3,26.3,36.8,36.8,35.5,35.1,33.3,34.5,38.7,28.7,33,32,33.6,40.5,39.5,30.1,36.8,27.3,25.6,40.4,32.2,26,27.5,28.5,25.3,30.8,40.9
20017442,Mann Food Court,"ITPL Main Road, Whitefield",Bengaluru,Customer funnel,Placed Orders,33,25,18,44,35,67,32,38,26,22,41,46,45,30,41,37,45,47,46,46,21,23,38,29,27,30,41,24,32,18
20017442,Mann Food Court,"ITPL Main Road, Whitefield",Bengaluru,Customer segmentation,New user orders,18,7,4,11,16,39,12,14,10,8,20,21,22,14,18,16,13,14,21,17,5,7,16,8,7,8,16,10,15,9
20017442,Mann Food Court,"ITPL Main Road, Whitefield",Bengaluru,Customer segmentation,Repeat user orders,12,13,11,20,13,20,16,17,14,10,17,19,13,15,16,16,25,26,19,24,12,13,14,13,14,18,15,9,15,6
20017442,Mann Food Court,"ITPL Main Road, Whitefield",Bengaluru,Customer segmentation,Lapsed user orders,3,5,3,13,6,8,4,7,2,4,4,6,10,1,7,5,7,7,6,5,4,3,8,8,6,4,10,5,2,3
20017442,Mann Food Court,"ITPL Main Road, Whitefield",Bengaluru,Customer segmentation,Breakfast orders,0,0,0,0,0,0,0,0,0,0,0,0,0,0,0,0,0,0,0,0,0,0,0,0,0,0,0,1,0,0
20017442,Mann Food Court,"ITPL Main Road, Whitefield",Bengaluru,Customer segmentation,Lunch orders,7,9,2,6,6,15,10,7,8,5,7,10,6,4,7,6,8,15,11,18,3,5,8,4,4,10,13,5,7,1
20017442,Mann Food Court,"ITPL Main Road, Whitefield",Bengaluru,Customer segmentation,Snacks orders,2,1,2,4,3,8,1,0,0,0,1,4,2,1,5,2,3,1,1,7,1,3,8,1,4,1,0,1,1,1
20017442,Mann Food Court,"ITPL Main Road, Whitefield",Bengaluru,Customer segmentation,Dinner orders,17,8,13,27,18,25,12,19,14,15,28,12,26,15,16,17,22,24,21,16,11,10,13,17,13,14,17,11,17,8
20017442,Mann Food Court,"ITPL Main Road, Whitefield",Bengaluru,Customer segmentation,Late night orders,7,7,1,7,8,19,9,12,4,2,5,20,11,10,13,12,12,7,13,5,6,5,9,7,6,5,11,6,7,8
20017442,Mann Food Court,"ITPL Main Road, Whitefield",Bengaluru,Ads,Sales from ads (Rs),0,0,0,15793.349999999993,11864.649999999996,21489.699999999993,7202.850000000001,11187.349999999999,7557.950000000002,7188.500000000002,12161.450000000003,18560.7,16375.949999999999,7794.650000000002,8816.900000000003,13043.750000000002,13767.199999999997,17840.800000000003,14942.150000000003,14035.6,6686.850000000001,6025.450000000001,11584.699999999997,12266.000000000002,7961.350000000001,9941.35,14506.199999999995,7443.100000000002,8008.250000000001,0
20017442,Mann Food Court,"ITPL Main Road, Whitefield",Bengaluru,Ads,Ads CTR (%),0,0,0,7.3,6.5,6.7,6.4,7,6.6,6.1,6.9,5.9,5.9,6.7,8.2,7.8,7.6,7.3,6.5,5.9,6.4,7,7.9,8.4,7.1,7.2,6.9,7.4,7.2,0
20017442,Mann Food Court,"ITPL Main Road, Whitefield",Bengaluru,Ads,Ads impressions,0,0,0,3130,5213,6421,3553,3364,3576,2917,4091,4735,7149,3277,3218,3980,3144,4013,5517,4932,2902,2918,3019,2701,3745,3342,5091,2860,3755,0
20017442,Mann Food Court,"ITPL Main Road, Whitefield",Bengaluru,Ads,Ads menu opens,0,0,0,227,338,430,228,237,236,177,282,278,420,220,264,312,238,293,357,290,185,205,240,228,267,241,351,211,272,0
20017442,Mann Food Court,"ITPL Main Road, Whitefield",Bengaluru,Ads,Ads orders,0,0,0,35,30,58,24,28,23,19,35,35,34,24,32,31,39,40,38,34,18,19,31,26,21,23,35,21,23,0
20017442,Mann Food Court,"ITPL Main Road, Whitefield",Bengaluru,Ads,Ads spend (Rs),0,0,0,0,0,1923.7628173828125,1479.1695556640625,0,0,0,0,0,4678.34765625,1243.3729248046875,0,0,0,0,0,5429.54248046875,1087.7119140625,0,0,0,0,0,3928.9833984375,988.8983764648438,1279.77978515625,0
20017442,Mann Food Court,"ITPL Main Road, Whitefield",Bengaluru,Ads,Ads ROI,0,0,0,0,0,13.031232215052986,5.751876089810674,0,0,0,0,0,4.101875578734145,7.633268998109214,0,0,0,0,0,3.085158659363474,7.1995166171821765,0,0,0,0,0,4.34743501507104,8.787556140061008,7.377831803185744,0
20017442,Mann Food Court,"ITPL Main Road, Whitefield",Bengaluru,Offers,Orders with offers,12080.899,9002.15,6172.3,19325.15,13811.65,24961.4,10280.1,14216.55,8784.1,7979.6997,15078.15,22185.95,20512.8,9892.05,12480.1,15122.2,15285.9,20689.6,17288.45,18128.5,7578.35,7414.55,13288.649,13275.9,10219.5,13872.85,16481.75,8435.9,12893.85,7074.75
20017442,Mann Food Court,"ITPL Main Road, Whitefield",Bengaluru,Offers,Gross sales from offers (Rs),33,25,17,44,33,66,32,38,25,22,41,44,44,30,41,37,45,47,46,46,21,23,37,29,27,30,41,24,32,18
20017442,Mann Food Court,"ITPL Main Road, Whitefield",Bengaluru,Offers,Discount given (Rs),2036.100009918213,1475.8500175476074,996.7000160217285,3301.5499954223633,2255.3100204467773,4182.180034637451,1827.900016784668,2269.7000160217285,1475.7800064086914,1408.3000183105469,2465.8100147247314,3853.050022125244,3748.82000541687,2026.9500102996826,2724.900005340576,2490.3600177764893,2715.760025024414,3530.72003364563,3449.21000289917,3537.0200119018555,1309.630012512207,1349.4500188827515,2494.010009765625,2511.7600173950195,1906.4999914169312,2488.810010910034,2956.25,1386.100009918213,2374.110004425049,1327.999987602234
20017442,Mann Food Court,"ITPL Main Road, Whitefield",Bengaluru,Offers,Effective discount (%),16.85387768023411,16.39441637283225,16.14795210149697,17.08421372505338,16.329040749377967,16.75458896211686,17.780956277093885,15.965195826017927,16.800583691396632,17.64853403029232,16.35353110854946,17.367073115217075,18.27551510588222,20.490697583620953,21.833960389976713,16.46823865318512,17.76643806137856,17.065192658662028,19.95095082998171,19.510825561419068,17.281202314963455,18.200026359383617,18.76797206438736,18.919696167415818,18.655511438102952,17.940149868186744,17.936505528842506,16.4309670068961,18.412732243277098,18.77098113152032
20321016,MFC Juice And Cafe,"ITPL Main Road, Whitefield",Bengaluru,Sales,Delivered orders,0,0,0,0,0,0,0,0,0,0,0,0,0,0,0,0,0,0,0,0,0,0,0,1,0,0,0,0,0,0
20321016,MFC Juice And Cafe,"ITPL Main Road, Whitefield",Bengaluru,Sales,Sales (Rs),0,0,0,0,0,0,0,0,0,0,0,0,0,0,0,0,0,0,0,0,0,0,0,189.5,0,0,0,0,0,0
20321016,MFC Juice And Cafe,"ITPL Main Road, Whitefield",Bengaluru,Sales,Market share (%),0,0,0,0,0,0,0,0,0,0,0,0,0,0,0,0,0,0,0,0,0,0,0,0,0,0,0,0,0,0
20321016,MFC Juice And Cafe,"ITPL Main Road, Whitefield",Bengaluru,Customer experience,Average rating,3.8759000301361084,3.875,3.873800039291382,3.8729000091552734,3.8719000816345215,3.8705999851226807,3.869499921798706,3.868000030517578,3.8666000366210938,3.8657000064849854,3.8645999431610107,3.863600015640259,3.8626999855041504,3.861799955368042,3.8610000610351562,3.860300064086914,3.859299898147583,3.858099937438965,3.857100009918213,3.8559000492095947,3.8543999195098877,3.854099988937378,3.853600025177002,3.852099895477295,3.851099967956543,3.8499999046325684,3.8487000465393066,3.8480000495910645,3.84689998626709,3.846299886703491
20321016,MFC Juice And Cafe,"ITPL Main Road, Whitefield",Bengaluru,Customer experience,Rated orders,0,0,0,0,0,0,0,0,0,0,0,0,0,0,0,0,0,0,0,0,0,0,0,0,0,0,0,0,0,0
20321016,MFC Juice And Cafe,"ITPL Main Road, Whitefield",Bengaluru,Customer experience,Bad orders,0,0,0,0,0,0,0,0,0,0,0,0,0,0,0,0,0,0,0,0,0,0,0,0,0,0,0,0,0,0
20321016,MFC Juice And Cafe,"ITPL Main Road, Whitefield",Bengaluru,Customer experience,Rejected orders,0,0,0,0,0,0,0,0,0,0,0,0,0,0,0,0,0,0,0,0,0,0,0,0,0,0,0,0,0,0
20321016,MFC Juice And Cafe,"ITPL Main Road, Whitefield",Bengaluru,Customer experience,KPT+10 delayed orders,0,0,0,0,0,0,0,0,0,0,0,0,0,0,0,0,0,0,0,0,0,0,0,0,0,0,0,0,0,0
20321016,MFC Juice And Cafe,"ITPL Main Road, Whitefield",Bengaluru,Customer experience,Poor rated orders,0,0,0,0,0,0,0,0,0,0,0,0,0,0,0,0,0,0,0,0,0,0,0,0,0,0,0,0,0,0
20321016,MFC Juice And Cafe,"ITPL Main Road, Whitefield",Bengaluru,Customer experience,Total complaints,0,0,0,0,0,0,0,0,0,0,0,0,0,0,0,0,0,0,0,0,0,0,0,0,0,0,0,0,0,0
20321016,MFC Juice And Cafe,"ITPL Main Road, Whitefield",Bengaluru,Customer experience,Non-refunded complaints,0,0,0,0,0,0,0,0,0,0,0,0,0,0,0,0,0,0,0,0,0,0,0,0,0,0,0,0,0,0
20321016,MFC Juice And Cafe,"ITPL Main Road, Whitefield",Bengaluru,Customer experience,Total complaints - Poor packaging,0,0,0,0,0,0,0,0,0,0,0,0,0,0,0,0,0,0,0,0,0,0,0,0,0,0,0,0,0,0
20321016,MFC Juice And Cafe,"ITPL Main Road, Whitefield",Bengaluru,Customer experience,Total complaints - Poor quality,0,0,0,0,0,0,0,0,0,0,0,0,0,0,0,0,0,0,0,0,0,0,0,0,0,0,0,0,0,0
20321016,MFC Juice And Cafe,"ITPL Main Road, Whitefield",Bengaluru,Customer experience,Total complaints - Wrong order,0,0,0,0,0,0,0,0,0,0,0,0,0,0,0,0,0,0,0,0,0,0,0,0,0,0,0,0,0,0
20321016,MFC Juice And Cafe,"ITPL Main Road, Whitefield",Bengaluru,Customer experience,Total complaints - Missing items,0,0,0,0,0,0,0,0,0,0,0,0,0,0,0,0,0,0,0,0,0,0,0,0,0,0,0,0,0,0
20321016,MFC Juice And Cafe,"ITPL Main Road, Whitefield",Bengaluru,Customer experience,Self logs other ors,0,0,0,0,0,0,0,0,0,0,0,0,0,0,0,0,0,0,0,0,0,0,0,0,0,0,0,0,0,0
20321016,MFC Juice And Cafe,"ITPL Main Road, Whitefield",Bengaluru,Customer experience,Lost sales (Rs),0,0,0,0,0,0,0,0,0,0,0,0,0,0,0,0,0,0,0,0,0,0,0,0,0,0,0,0,0,0
20321016,MFC Juice And Cafe,"ITPL Main Road, Whitefield",Bengaluru,Customer experience,Online %,100,100,100,100,100,100,100,100,100,100,100,100,100,100,100,100,100,100,100,100,100,100,100,100,100,100,100,100,100,100
20321016,MFC Juice And Cafe,"ITPL Main Road, Whitefield",Bengaluru,Customer experience,Offline time (in hours),0,0,0,0,0,0,0,0,0,0,0,0,0,0,0,0,0,0,0,0,0,0,0,0,0,0,0,0,0,0
20321016,MFC Juice And Cafe,"ITPL Main Road, Whitefield",Bengaluru,Customer experience,KPT (in minutes),0,0,0,0,0,0,0,0,0,0,0,0,0,0,0,0,0,0,0,0,0,0,0,8.08,0,0,0,0,0,0
20321016,MFC Juice And Cafe,"ITPL Main Road, Whitefield",Bengaluru,Customer experience,FOR accuracy (%),0,0,0,0,0,0,0,0,0,0,0,0,0,0,0,0,0,0,0,0,0,0,0,0,0,0,0,0,0,0
20321016,MFC Juice And Cafe,"ITPL Main Road, Whitefield",Bengaluru,Customer funnel,Impressions,128,67,52,58,67,121,51,49,36,33,89,47,40,29,33,36,25,58,119,45,27,27,33,32,87,66,51,35,41,38
20321016,MFC Juice And Cafe,"ITPL Main Road, Whitefield",Bengaluru,Customer funnel,Impressions to menu (%),5.5,3,3.8,6.9,4.5,2.5,0,2,5.6,0,1.1,4.3,2.5,3.4,3,5.6,16,5.2,2.5,8.9,3.7,0,6.1,12.5,2.3,1.5,3.9,2.9,2.4,0
20321016,MFC Juice And Cafe,"ITPL Main Road, Whitefield",Bengaluru,Customer funnel,Menu opens,7,2,2,4,3,3,0,1,2,0,1,2,1,1,1,2,4,3,3,4,1,0,2,4,2,1,2,1,1,0
20321016,MFC Juice And Cafe,"ITPL Main Road, Whitefield",Bengaluru,Customer funnel,Menu to cart (%),14.3,0,0,25,33.3,0,0,0,0,0,0,0,0,0,0,0,25,0,33.3,0,0,0,0,25,0,0,0,0,0,0
20321016,MFC Juice And Cafe,"ITPL Main Road, Whitefield",Bengaluru,Customer funnel,Cart builds,1,0,0,1,1,0,0,0,0,0,0,0,0,0,0,0,1,0,1,0,0,0,0,1,0,0,0,0,0,0
20321016,MFC Juice And Cafe,"ITPL Main Road, Whitefield",Bengaluru,Customer funnel,Cart to orders (%),0,0,0,0,0,0,0,0,0,0,0,0,0,0,0,0,0,0,0,0,0,0,0,100,0,0,0,0,0,0
20321016,MFC Juice And Cafe,"ITPL Main Road, Whitefield",Bengaluru,Customer funnel,Placed Orders,0,0,0,0,0,0,0,0,0,0,0,0,0,0,0,0,0,0,0,0,0,0,0,1,0,0,0,0,0,0
20321016,MFC Juice And Cafe,"ITPL Main Road, Whitefield",Bengaluru,Customer segmentation,New user orders,0,0,0,0,0,0,0,0,0,0,0,0,0,0,0,0,0,0,0,0,0,0,0,0,0,0,0,0,0,0
20321016,MFC Juice And Cafe,"ITPL Main Road, Whitefield",Bengaluru,Customer segmentation,Repeat user orders,0,0,0,0,0,0,0,0,0,0,0,0,0,0,0,0,0,0,0,0,0,0,0,1,0,0,0,0,0,0
20321016,MFC Juice And Cafe,"ITPL Main Road, Whitefield",Bengaluru,Customer segmentation,Lapsed user orders,0,0,0,0,0,0,0,0,0,0,0,0,0,0,0,0,0,0,0,0,0,0,0,0,0,0,0,0,0,0
20321016,MFC Juice And Cafe,"ITPL Main Road, Whitefield",Bengaluru,Customer segmentation,Breakfast orders,0,0,0,0,0,0,0,0,0,0,0,0,0,0,0,0,0,0,0,0,0,0,0,0,0,0,0,0,0,0
20321016,MFC Juice And Cafe,"ITPL Main Road, Whitefield",Bengaluru,Customer segmentation,Lunch orders,0,0,0,0,0,0,0,0,0,0,0,0,0,0,0,0,0,0,0,0,0,0,0,0,0,0,0,0,0,0
20321016,MFC Juice And Cafe,"ITPL Main Road, Whitefield",Bengaluru,Customer segmentation,Snacks orders,0,0,0,0,0,0,0,0,0,0,0,0,0,0,0,0,0,0,0,0,0,0,0,0,0,0,0,0,0,0
20321016,MFC Juice And Cafe,"ITPL Main Road, Whitefield",Bengaluru,Customer segmentation,Dinner orders,0,0,0,0,0,0,0,0,0,0,0,0,0,0,0,0,0,0,0,0,0,0,0,1,0,0,0,0,0,0
20321016,MFC Juice And Cafe,"ITPL Main Road, Whitefield",Bengaluru,Customer segmentation,Late night orders,0,0,0,0,0,0,0,0,0,0,0,0,0,0,0,0,0,0,0,0,0,0,0,0,0,0,0,0,0,0
20321016,MFC Juice And Cafe,"ITPL Main Road, Whitefield",Bengaluru,Ads,Sales from ads (Rs),0,0,0,0,0,0,0,0,0,0,0,0,0,0,0,0,0,0,0,0,0,0,0,0,0,0,0,0,0,0
20321016,MFC Juice And Cafe,"ITPL Main Road, Whitefield",Bengaluru,Ads,Ads CTR (%),0,0,0,0,0,0,0,0,0,0,0,0,0,0,0,0,0,0,0,0,0,0,0,0,0,0,0,0,0,0
20321016,MFC Juice And Cafe,"ITPL Main Road, Whitefield",Bengaluru,Ads,Ads impressions,0,0,0,0,0,0,0,0,0,0,0,0,0,0,0,0,0,0,0,0,0,0,0,0,0,0,0,0,0,0
20321016,MFC Juice And Cafe,"ITPL Main Road, Whitefield",Bengaluru,Ads,Ads menu opens,0,0,0,0,0,0,0,0,0,0,0,0,0,0,0,0,0,0,0,0,0,0,0,0,0,0,0,0,0,0
20321016,MFC Juice And Cafe,"ITPL Main Road, Whitefield",Bengaluru,Ads,Ads orders,0,0,0,0,0,0,0,0,0,0,0,0,0,0,0,0,0,0,0,0,0,0,0,0,0,0,0,0,0,0
20321016,MFC Juice And Cafe,"ITPL Main Road, Whitefield",Bengaluru,Ads,Ads spend (Rs),0,0,0,0,0,0,0,0,0,0,0,0,0,0,0,0,0,0,0,0,0,0,0,0,0,0,0,0,0,0
20321016,MFC Juice And Cafe,"ITPL Main Road, Whitefield",Bengaluru,Ads,Ads ROI,0,0,0,0,0,0,0,0,0,0,0,0,0,0,0,0,0,0,0,0,0,0,0,0,0,0,0,0,0,0
20321016,MFC Juice And Cafe,"ITPL Main Road, Whitefield",Bengaluru,Offers,Orders with offers,0,0,0,0,0,0,0,0,0,0,0,0,0,0,0,0,0,0,0,0,0,0,0,189.5,0,0,0,0,0,0
20321016,MFC Juice And Cafe,"ITPL Main Road, Whitefield",Bengaluru,Offers,Gross sales from offers (Rs),0,0,0,0,0,0,0,0,0,0,0,0,0,0,0,0,0,0,0,0,0,0,0,1,0,0,0,0,0,0
20321016,MFC Juice And Cafe,"ITPL Main Road, Whitefield",Bengaluru,Offers,Discount given (Rs),0,0,0,0,0,0,0,0,0,0,0,0,0,0,0,0,0,0,0,0,0,0,0,56.5,0,0,0,0,0,0
20321016,MFC Juice And Cafe,"ITPL Main Road, Whitefield",Bengaluru,Offers,Effective discount (%),0,0,0,0,0,0,0,0,0,0,0,0,0,0,0,0,0,0,0,0,0,0,0,29.815303430079155,0,0,0,0,0,0
20392581,Grill Factory,Whitefield,Bengaluru,Sales,Delivered orders,14,21,15,36,50,43,21,21,21,38,33,39,40,33,21,33,28,36,39,31,27,31,28,30,28,24,37,24,30,17
20392581,Grill Factory,Whitefield,Bengaluru,Sales,Sales (Rs),6154.10009765625,7348.5,5410,13140.099609375,21381.19921875,17507.69921875,6248,9405.5,8296.8994140625,12473.2001953125,13695.0498046875,16346.8994140625,15314.2001953125,12938.6494140625,10527.150390625,13051.5,10869.849609375,15784.099609375,16888,12072.3994140625,10243.5,12332.900390625,9886.5498046875,13971.349609375,13154.3994140625,9003.599609375,15407.3994140625,8120.2001953125,12818.5,6619.7001953125
20392581,Grill Factory,Whitefield,Bengaluru,Sales,Market share (%),0,0,0,0,0,0,0,0,0,0,0,0,0,0,0,0,0,0,0,0,0,0,0,0,0,0,0,0,0,0
20392581,Grill Factory,Whitefield,Bengaluru,Customer experience,Average rating,4.031000137329102,4.035200119018555,4.0391998291015625,4.04640007019043,4.032700061798096,4.032800197601318,4.025199890136719,4.032800197601318,4.040299892425537,4.039899826049805,4.047599792480469,4.055799961090088,4.071899890899658,4.076000213623047,4.07289981842041,4.076499938964844,4.076399803161621,4.077499866485596,4.055200099945068,4.063199996948242,4.059899806976318,4.047599792480469,4.045499801635742,4.035699844360352,4.031499862670898,4.031799793243408,4.034999847412109,4.046199798583984,4.0518999099731445,4.046899795532227
20392581,Grill Factory,Whitefield,Bengaluru,Customer experience,Rated orders,0,2,3,2,4,6,2,1,2,2,2,4,4,2,1,2,3,3,1,3,2,5,3,3,2,6,1,1,0,0
20392581,Grill Factory,Whitefield,Bengaluru,Customer experience,Bad orders,1,2,4,4,4,6,3,6,7,9,9,4,6,2,2,12,8,9,9,3,3,5,5,2,3,3,9,4,2,0
20392581,Grill Factory,Whitefield,Bengaluru,Customer experience,Rejected orders,0,0,0,0,0,0,0,0,0,0,0,0,0,0,1,0,0,0,0,0,0,0,0,0,1,0,0,0,0,0
20392581,Grill Factory,Whitefield,Bengaluru,Customer experience,KPT+10 delayed orders,0,0,1,4,2,5,2,6,7,8,8,3,4,1,1,10,7,9,7,1,3,2,4,1,0,2,9,3,2,0
20392581,Grill Factory,Whitefield,Bengaluru,Customer experience,Poor rated orders,0,1,3,0,1,1,1,0,0,0,0,1,2,1,0,1,1,1,1,2,0,2,1,0,1,2,0,1,0,0
20392581,Grill Factory,Whitefield,Bengaluru,Customer experience,Total complaints,1,1,0,0,1,1,0,0,0,2,1,1,0,0,0,3,1,0,2,2,0,3,0,1,2,0,1,0,0,0
20392581,Grill Factory,Whitefield,Bengaluru,Customer experience,Non-refunded complaints,1,1,0,0,1,1,0,0,0,1,1,1,0,0,0,2,1,0,2,2,0,2,0,1,1,0,0,0,0,0
20392581,Grill Factory,Whitefield,Bengaluru,Customer experience,Total complaints - Poor packaging,0,0,0,0,1,0,0,0,0,0,0,1,0,0,0,0,0,0,0,0,0,0,0,0,0,0,0,0,0,0
20392581,Grill Factory,Whitefield,Bengaluru,Customer experience,Total complaints - Poor quality,1,0,0,0,1,1,0,0,0,1,0,1,0,0,0,3,1,0,1,2,0,0,0,1,1,0,0,0,0,0
20392581,Grill Factory,Whitefield,Bengaluru,Customer experience,Total complaints - Wrong order,0,0,0,0,0,1,0,0,0,0,1,1,0,0,0,0,0,0,1,0,0,1,0,0,0,0,0,0,0,0
20392581,Grill Factory,Whitefield,Bengaluru,Customer experience,Total complaints - Missing items,0,1,0,0,0,0,0,0,0,1,0,0,0,0,0,1,0,0,0,0,0,2,0,0,1,0,1,0,0,0
20392581,Grill Factory,Whitefield,Bengaluru,Customer experience,Self logs other ors,1,0,0,1,2,2,0,2,1,6,2,3,1,0,0,5,1,3,3,1,1,0,1,1,1,1,7,1,1,3
20392581,Grill Factory,Whitefield,Bengaluru,Customer experience,Lost sales (Rs),0,0,0,0,0,0,0,0,0,0,0,0,0,0,373.8,0,0,0,0,0,0,0,0,0,468.6,0,0,0,0,0
20392581,Grill Factory,Whitefield,Bengaluru,Customer experience,Online %,100,100,100,100,100,100,100,100,82.65,81.59,99.24,100,100,100,88.48,100,100,100,100,100,100,100,100,100,100,100,100,100,100,100
20392581,Grill Factory,Whitefield,Bengaluru,Customer experience,Offline time (in hours),0,0,0,0,0,0,0,0,2,2,0,0,0,0,1,0,0,0,0,0,0,0,0,0,0,0,0,0,0,0
20392581,Grill Factory,Whitefield,Bengaluru,Customer experience,KPT (in minutes),23.9017,24.7263,24.6207,20.7787,17.7904,23.7346,20.171,22.6212,23.4026,25.0971,26.2907,21.2475,21.3611,20.5873,23.7709,27.601,21.8975,29.3497,22.97,19.2866,20.3475,21.4844,20.2916,21.7585,15.3404,15.799,22.5713,18.0424,19.5065,23.2207
20392581,Grill Factory,Whitefield,Bengaluru,Customer experience,FOR accuracy (%),62.5,85.7,73.3,88.9,86,79.1,81,90.5,85.7,89.5,66.7,89.7,82.5,75.8,77.3,68.6,82.1,78.4,74.4,93.8,75.9,83.9,89.3,76.7,70,88,70,87.5,90.3,77.8
20392581,Grill Factory,Whitefield,Bengaluru,Customer funnel,Impressions,1788,1563,1440,3114,5243,6994,3872,3522,3799,3129,4449,4714,6997,3333,2986,3920,3585,4659,5867,5146,3151,3553,3151,3461,3981,3569,4596,3298,3774,1765
20392581,Grill Factory,Whitefield,Bengaluru,Customer funnel,Impressions to menu (%),10.3,9.5,9.6,9.2,8.6,8.5,8.3,9.3,8.3,8.6,8.6,7.8,8.4,8.7,8.6,10.1,9.8,10.6,10.1,8.8,9.2,8.8,8.2,8.9,8.9,7.4,8.7,8,8,9.4
20392581,Grill Factory,Whitefield,Bengaluru,Customer funnel,Menu opens,185,149,138,286,453,591,323,327,316,268,382,370,587,290,256,395,353,496,595,455,290,311,258,307,356,263,400,264,302,166
20392581,Grill Factory,Whitefield,Bengaluru,Customer funnel,Menu to cart (%),38.4,37.6,36.2,34.6,35.5,30.3,31,25.1,30.7,38.8,31.2,29.7,26.7,30.3,38.7,30.1,32.3,33.1,30.1,28.8,33.4,35,33.7,34.2,31.7,37.3,36.3,33,38.4,33.1
20392581,Grill Factory,Whitefield,Bengaluru,Customer funnel,Cart builds,71,56,50,99,161,179,100,82,97,104,119,110,157,88,99,119,114,164,179,131,97,109,87,105,113,98,145,87,116,55
20392581,Grill Factory,Whitefield,Bengaluru,Customer funnel,Cart to orders (%),22.5,37.5,30,36.4,31.1,24,21,25.6,21.6,36.5,27.7,35.5,25.5,37.5,22.2,29.4,24.6,22.6,21.8,24.4,29.9,28.4,32.2,28.6,26.5,25.5,27.6,27.6,26.7,32.7
20392581,Grill Factory,Whitefield,Bengaluru,Customer funnel,Placed Orders,16,21,15,36,50,43,21,21,21,38,33,39,40,33,22,35,28,37,39,32,29,31,28,30,30,25,40,24,31,18
20392581,Grill Factory,Whitefield,Bengaluru,Customer segmentation,New user orders,8,6,2,13,31,21,7,10,9,20,13,19,26,12,9,20,11,12,21,13,22,10,12,18,15,9,18,13,14,3
20392581,Grill Factory,Whitefield,Bengaluru,Customer segmentation,Repeat user orders,5,12,12,15,10,16,10,10,10,12,16,17,12,16,9,11,10,17,15,15,5,15,12,7,7,11,17,4,8,10
20392581,Grill Factory,Whitefield,Bengaluru,Customer segmentation,Lapsed user orders,3,3,1,8,9,6,4,1,2,6,4,3,2,5,4,4,7,8,3,4,2,6,4,5,8,5,5,7,9,5
20392581,Grill Factory,Whitefield,Bengaluru,Customer segmentation,Breakfast orders,0,0,0,0,0,1,0,0,0,0,0,0,0,0,0,0,0,0,0,0,0,0,0,0,0,0,0,0,0,0
20392581,Grill Factory,Whitefield,Bengaluru,Customer segmentation,Lunch orders,1,4,4,6,9,9,2,3,7,10,6,3,6,4,3,10,7,8,7,9,8,9,5,2,2,6,8,5,4,1
20392581,Grill Factory,Whitefield,Bengaluru,Customer segmentation,Snacks orders,2,0,0,1,2,2,0,1,1,1,3,1,2,1,1,0,1,0,0,1,1,0,2,3,1,2,4,2,2,3
20392581,Grill Factory,Whitefield,Bengaluru,Customer segmentation,Dinner orders,10,13,8,23,23,22,12,14,10,22,19,24,22,21,15,20,15,23,25,15,14,13,18,19,19,12,19,11,16,12
20392581,Grill Factory,Whitefield,Bengaluru,Customer segmentation,Late night orders,3,4,3,6,16,9,7,3,3,5,5,11,10,7,3,5,5,6,7,7,6,9,3,6,8,5,9,6,9,2
20392581,Grill Factory,Whitefield,Bengaluru,Ads,Sales from ads (Rs),0,0,0,11330.699999999997,17008.799999999992,15950.4,5494.800000000001,8061.200000000001,6245.800000000001,11327.000000000002,11423.649999999998,13942.499999999998,14145.999999999996,11003.05,9469.45,11404.699999999999,9712.45,13815.6,13140.5,11038.2,9281.2,10170.500000000002,7636.850000000001,9587.45,10165.5,7811.800000000002,12469.599999999999,5419.200000000002,10714.400000000001,0
20392581,Grill Factory,Whitefield,Bengaluru,Ads,Ads CTR (%),0,0,0,11,9.3,8.8,8.8,10.3,9.1,9,9.1,8.3,8.9,9.5,9.3,10.9,11,11.8,10.4,9.3,10.1,9.5,8.5,9.8,9.6,8,9.6,9.1,9.1,0
20392581,Grill Factory,Whitefield,Bengaluru,Ads,Ads impressions,0,0,0,1925,4057,5741,3075,2679,2897,2390,3414,3677,5828,2562,2237,2969,2659,3276,4330,3699,2382,2565,2225,2390,2848,2508,3346,2322,2823,0
20392581,Grill Factory,Whitefield,Bengaluru,Ads,Ads menu opens,0,0,0,211,376,506,271,276,265,215,309,306,521,243,209,325,293,385,452,345,240,243,190,234,274,200,320,211,257,0
20392581,Grill Factory,Whitefield,Bengaluru,Ads,Ads orders,0,0,0,31,42,37,17,17,16,33,26,33,36,28,18,28,25,31,32,28,24,26,22,22,22,20,31,18,26,0
20392581,Grill Factory,Whitefield,Bengaluru,Ads,Ads spend (Rs),0,0,0,0,0,2071.27978515625,1050.457763671875,0,0,0,0,0,3987.93212890625,918.8644409179688,0,0,0,0,0,4803.54296875,724.3389892578125,0,0,0,0,0,4115.54248046875,924.440673828125,1256.33056640625,0
20392581,Grill Factory,Whitefield,Bengaluru,Ads,Ads ROI,0,0,0,0,0,9.289425860228983,6.45337702708199,0,0,0,0,0,4.164564356453828,14.345968146107438,0,0,0,0,0,2.749220749332971,16.01322056663664,0,0,0,0,0,3.5173977838156634,7.272505624573981,10.396149189748014,0
20392581,Grill Factory,Whitefield,Bengaluru,Offers,Orders with offers,6796.1997,7348.5,5410,13140.1,21381.2,17287.7,6248,9405.5,8296.899,12473.2,13695.05,16346.899,15314.2,12938.649,10900.95,13952.2,10869.85,16387.4,16716,12331.399,10632.399,12332.9,9886.55,13971.35,14236.3,9231.899,16474.1,8120.2,13006.8,7059.1
20392581,Grill Factory,Whitefield,Bengaluru,Offers,Gross sales from offers (Rs),16,21,15,36,50,42,21,21,21,38,33,39,40,33,22,35,28,37,38,32,28,31,28,30,30,25,40,24,31,18
20392581,Grill Factory,Whitefield,Bengaluru,Offers,Discount given (Rs),1338.799991607666,1567.5000076293945,825.0000152587891,2516.9000205993652,3784.800003051758,3491.299991607666,1415.600009918213,2356.5000076293945,1367.0999946594238,2602.800018310547,2517.210018157959,2840.100028991699,2655.800003051758,2494.610019683838,2257.0500450134277,2827.0600204467773,2355.149990081787,3047.599994659424,3921.9999961853027,2376.6000175476074,2964.60001373291,2134.100025177002,2191.450008392334,2908.650016784668,3336.7000274658203,2111.099998474121,2885.7000122070312,1717.8000144958496,2719.6600341796875,1146.8999938964844
20392581,Grill Factory,Whitefield,Bengaluru,Offers,Effective discount (%),19.699244420710045,21.3308839576702,15.249538174838985,19.154345061460916,17.7015328482264,20.19528421584898,22.656850350803662,25.054489475619526,16.47723958593872,20.867138966379247,18.380437121859725,17.373937142773933,17.342074474543356,19.28029688301583,20.70507620504475,20.262467430739566,21.66681301690249,18.597214457534783,23.462550826664888,19.272751921711144,27.882699833603933,17.304121152225175,22.165973486051765,20.818676062854493,23.43797245943897,22.86745017237066,17.516587131504604,21.15465103295697,20.90952482561893,16.247113343488017
18387409,Dilli Darbar,Whitefield,Bengaluru,Sales,Delivered orders,22,16,13,25,20,33,33,23,26,26,36,47,76,34,48,36,23,43,25,49,29,48,32,28,34,57,51,40,26,14
18387409,Dilli Darbar,Whitefield,Bengaluru,Sales,Sales (Rs),8376.7998046875,6759.60009765625,3002.60009765625,6489.7998046875,5209.39990234375,9038.400390625,8816,7904.39990234375,7102.83984375,8933.759765625,9146.2001953125,13020.7998046875,24858.599609375,8327.599609375,14034.2001953125,11779.599609375,8144.2001953125,10504.759765625,8895.990234375,15147.3095703125,9093.4501953125,13876.150390625,12917.400390625,9087.2001953125,9485.2001953125,17056.599609375,16324.7998046875,12935.599609375,8312.599609375,3549.60009765625
18387409,Dilli Darbar,Whitefield,Bengaluru,Sales,Market share (%),0,0,0,0,0,0,0,0,0,0,0,0,0,0,0,0,0,0,0,0,0,0,0,0,0,0,0,0,0,0
18387409,Dilli Darbar,Whitefield,Bengaluru,Customer experience,Average rating,3.74399995803833,3.750699996948242,3.7565999031066895,3.7476000785827637,3.7411999702453613,3.738800048828125,3.738600015640259,3.75570011138916,3.752500057220459,3.75819993019104,3.7715001106262207,3.7709999084472656,3.7778000831604004,3.786400079727173,3.7751998901367188,3.785799980163574,3.777600049972534,3.7727999687194824,3.774199962615967,3.786900043487549,3.786400079727173,3.7839999198913574,3.784600019454956,3.77239990234375,3.781899929046631,3.7802999019622803,3.783799886703491,3.794100046157837,3.7853000164031982,3.7832999229431152
18387409,Dilli Darbar,Whitefield,Bengaluru,Customer experience,Rated orders,3,3,1,2,2,4,2,1,4,4,2,0,9,4,9,7,3,3,0,8,3,4,3,2,2,2,3,4,1,2
18387409,Dilli Darbar,Whitefield,Bengaluru,Customer experience,Bad orders,1,3,1,3,0,3,2,4,1,2,2,9,13,7,15,14,2,9,1,8,4,4,6,1,1,0,14,2,3,1
18387409,Dilli Darbar,Whitefield,Bengaluru,Customer experience,Rejected orders,0,0,0,1,0,0,0,0,0,0,0,0,0,0,0,0,0,0,0,0,0,0,0,0,0,0,1,0,0,0
18387409,Dilli Darbar,Whitefield,Bengaluru,Customer experience,KPT+10 delayed orders,0,1,0,1,0,2,2,3,0,1,2,9,9,4,10,12,2,7,1,5,2,3,4,0,0,0,12,2,2,0
18387409,Dilli Darbar,Whitefield,Bengaluru,Customer experience,Poor rated orders,1,2,0,1,0,1,0,0,0,1,0,0,4,0,3,2,1,1,0,2,1,1,2,1,0,0,1,0,0,0
18387409,Dilli Darbar,Whitefield,Bengaluru,Customer experience,Total complaints,0,1,1,1,0,0,0,1,1,0,0,0,2,3,3,1,1,2,0,1,1,1,0,1,1,0,1,0,1,1
18387409,Dilli Darbar,Whitefield,Bengaluru,Customer experience,Non-refunded complaints,0,1,1,0,0,0,0,1,1,0,0,0,1,2,2,1,1,2,0,1,1,1,0,0,1,0,1,0,1,1
18387409,Dilli Darbar,Whitefield,Bengaluru,Customer experience,Total complaints - Poor packaging,0,0,0,0,0,0,0,0,0,0,0,0,1,0,1,1,0,0,0,0,0,1,0,0,0,0,1,0,0,0
18387409,Dilli Darbar,Whitefield,Bengaluru,Customer experience,Total complaints - Poor quality,0,1,1,0,0,0,0,1,1,0,0,0,1,1,2,1,1,0,0,1,1,1,0,0,0,0,0,0,1,0
18387409,Dilli Darbar,Whitefield,Bengaluru,Customer experience,Total complaints - Wrong order,0,0,0,1,0,0,0,0,0,0,0,0,1,1,1,0,0,1,0,0,1,0,0,0,1,0,0,0,0,0
18387409,Dilli Darbar,Whitefield,Bengaluru,Customer experience,Total complaints - Missing items,0,1,0,0,0,0,0,0,0,0,0,0,1,1,0,0,0,1,0,0,0,0,0,0,0,0,0,0,0,1
18387409,Dilli Darbar,Whitefield,Bengaluru,Customer experience,Self logs other ors,1,0,3,0,0,1,3,2,3,0,2,3,0,1,4,5,0,2,0,1,3,1,0,0,1,1,4,2,2,2
18387409,Dilli Darbar,Whitefield,Bengaluru,Customer experience,Lost sales (Rs),0,0,0,166.2,0,0,0,0,0,0,0,0,0,0,0,0,0,0,0,0,0,0,0,0,0,0,301,0,0,0
18387409,Dilli Darbar,Whitefield,Bengaluru,Customer experience,Online %,100,100,100,99.79,100,100,100,100,82.65,81.59,99.24,100,100,100,100,100,100,100,100,100,100,100,100,100,100,100,100,100,100,100
18387409,Dilli Darbar,Whitefield,Bengaluru,Customer experience,Offline time (in hours),0,0,0,0,0,0,0,0,2,2,0,0,0,0,0,0,0,0,0,0,0,0,0,0,0,0,0,0,0,0
18387409,Dilli Darbar,Whitefield,Bengaluru,Customer experience,KPT (in minutes),13.5815,16.5431,15.527,12.7457,14.0405,15.3803,17.7729,17.4988,16.0948,16.1452,18.2029,17.741,17.5418,14.0518,16.9124,19.0442,14.2761,15.9613,15.2733,16.8402,17.1993,15.6067,18.5386,14.8213,15.6209,13.1178,18.3823,15.0309,14.1968,15.9642
18387409,Dilli Darbar,Whitefield,Bengaluru,Customer experience,FOR accuracy (%),90.9,81.3,84.6,76.9,90,75.8,85.7,70.4,75,76.9,66.7,76.6,76.3,61.8,81.3,83.8,78.3,88.4,92,82,80,81.3,75,89.3,85.7,82.8,80.8,92.5,81.5,85.7
18387409,Dilli Darbar,Whitefield,Bengaluru,Customer funnel,Impressions,1798,1747,1447,1913,2168,6242,5745,5229,5310,5198,6058,7965,10208,5592,5730,6072,5891,6438,8626,8651,4901,5418,4744,4469,4630,6784,8516,5862,6147,1810
18387409,Dilli Darbar,Whitefield,Bengaluru,Customer funnel,Impressions to menu (%),11.2,10.5,8.1,9.5,9.4,7.4,9,8.2,7.6,9,8,7.4,7.5,8.7,8.8,8,7.8,6,5.9,6.6,8,8.4,8.1,7.4,6.3,8,7.3,8.1,7,8
18387409,Dilli Darbar,Whitefield,Bengaluru,Customer funnel,Menu opens,202,183,117,181,203,460,515,429,405,470,486,589,764,486,503,488,458,388,513,569,393,454,385,330,291,546,621,474,433,144
18387409,Dilli Darbar,Whitefield,Bengaluru,Customer funnel,Menu to cart (%),41.1,31.7,36.8,41.4,34,26.1,29.1,26.6,27.7,25.1,33.1,28.7,27.9,28.4,30.2,27.9,22.1,30.7,29.2,31.1,27.2,31.7,26.8,31.8,30.6,34.2,31.6,29.3,24.9,39.6
18387409,Dilli Darbar,Whitefield,Bengaluru,Customer funnel,Cart builds,83,58,43,75,69,120,150,114,112,118,161,169,213,138,152,136,101,119,150,177,107,144,103,105,89,187,196,139,108,57
18387409,Dilli Darbar,Whitefield,Bengaluru,Customer funnel,Cart to orders (%),26.5,27.6,30.2,34.7,29,27.5,23.3,23.7,25,22,22.4,27.8,35.7,24.6,31.6,27.2,22.8,36.1,16.7,28.2,28,33.3,31.1,26.7,39.3,31,26.5,28.8,25,24.6
18387409,Dilli Darbar,Whitefield,Bengaluru,Customer funnel,Placed Orders,22,16,13,26,20,33,35,27,28,26,36,47,76,34,48,37,23,43,25,50,30,48,32,28,35,58,52,40,27,14
18387409,Dilli Darbar,Whitefield,Bengaluru,Customer segmentation,New user orders,8,5,3,4,8,22,19,11,13,8,20,31,38,16,29,19,13,24,16,23,22,22,14,13,13,29,26,28,12,4
18387409,Dilli Darbar,Whitefield,Bengaluru,Customer segmentation,Repeat user orders,12,9,8,15,10,10,10,11,9,10,12,14,23,13,14,14,8,13,6,17,6,21,13,11,16,23,20,8,13,9
18387409,Dilli Darbar,Whitefield,Bengaluru,Customer segmentation,Lapsed user orders,2,2,2,7,2,1,6,5,6,8,4,2,15,5,5,4,2,6,3,10,2,5,5,4,6,6,6,4,2,1
18387409,Dilli Darbar,Whitefield,Bengaluru,Customer segmentation,Breakfast orders,0,0,0,0,0,0,0,0,0,0,0,0,0,0,1,0,0,0,0,0,0,0,0,0,0,0,0,0,0,0
18387409,Dilli Darbar,Whitefield,Bengaluru,Customer segmentation,Lunch orders,5,7,1,7,5,10,12,6,6,13,3,15,25,12,5,10,6,12,6,10,7,9,4,5,6,22,19,7,6,4
18387409,Dilli Darbar,Whitefield,Bengaluru,Customer segmentation,Snacks orders,2,2,2,2,2,3,4,3,2,1,3,4,5,3,0,0,1,6,1,7,2,3,3,4,2,4,2,1,1,2
18387409,Dilli Darbar,Whitefield,Bengaluru,Customer segmentation,Dinner orders,14,5,6,10,8,14,11,10,14,12,25,17,38,12,19,15,11,17,15,25,10,20,19,13,14,22,21,21,14,6
18387409,Dilli Darbar,Whitefield,Bengaluru,Customer segmentation,Late night orders,1,2,4,7,5,6,8,8,6,0,5,11,8,7,23,12,5,8,3,8,11,16,6,6,13,10,10,11,6,2
18387409,Dilli Darbar,Whitefield,Bengaluru,Ads,Sales from ads (Rs),0,0,0,0,0,6098.4,8642.6,8731.399999999998,7767.84,8057.759999999999,8581.8,12217.000000000002,20859.6,7835.6,12309.599999999999,10116.6,6309.2,9538.760000000002,7184.71,14700.109999999999,8567.45,11453.749999999996,10803.599999999997,6469.2,7396.399999999998,16535.2,15150.2,12471.800000000003,7803.2,0
18387409,Dilli Darbar,Whitefield,Bengaluru,Ads,Ads CTR (%),0,0,0,0,0,7.2,9.2,8.5,7.8,9.3,8.1,7.5,7.5,9.1,9.1,8.2,7.9,6.1,5.8,6.6,8.2,8.6,8.3,7.5,6.5,8.3,7.4,8.7,7.4,0
18387409,Dilli Darbar,Whitefield,Bengaluru,Ads,Ads impressions,0,0,0,0,0,4990,5003,4431,4647,4564,5445,7011,9219,4843,4823,5332,5080,5548,7696,7574,4196,4642,4121,3869,3842,5677,7289,4830,5278,0
18387409,Dilli Darbar,Whitefield,Bengaluru,Ads,Ads menu opens,0,0,0,0,0,358,460,378,361,426,439,526,687,440,440,438,400,336,447,503,345,398,343,291,249,474,541,422,389,0
18387409,Dilli Darbar,Whitefield,Bengaluru,Ads,Ads orders,0,0,0,0,0,23,31,25,26,25,33,44,67,33,43,33,20,38,21,47,27,41,30,24,30,54,47,38,24,0
18387409,Dilli Darbar,Whitefield,Bengaluru,Ads,Ads spend (Rs),0,0,0,0,0,0,903.8390502929688,0,0,0,0,0,5492.3984375,2483.822021484375,0,0,0,0,0,6168.64453125,1514.720458984375,0,0,0,0,0,7151.61083984375,1632.474609375,2124.822265625,0
18387409,Dilli Darbar,Whitefield,Bengaluru,Ads,Ads ROI,0,0,0,0,0,0,11.495409494237059,0,0,0,0,0,4.784066614795734,4.011962175150031,0,0,0,0,0,3.174927636174124,7.005252973947886,0,0,0,0,0,2.5741053885983263,9.692034356391932,4.534967538645236,0
18387409,Dilli Darbar,Whitefield,Bengaluru,Offers,Orders with offers,6570.8,4500.6,2664.6,4352,4989.4,4693.4,6353,4164.4,5034.84,6551.76,5677.2,9773.8,18392.2,4906.6,9684.2,8256.6,4328.2,7950.76,5786.99,10423.11,6232.45,10489.15,9621.4,5516.2,8607.6,13039.6,7923.8,11542.6,6072.6,2539.6
18387409,Dilli Darbar,Whitefield,Bengaluru,Offers,Gross sales from offers (Rs),19,13,12,19,19,21,29,16,20,20,27,36,60,23,36,29,15,33,15,39,22,39,27,21,30,46,32,37,22,9
18387409,Dilli Darbar,Whitefield,Bengaluru,Offers,Discount given (Rs),1963.2000007629395,1226.3999938964844,1045.399990081787,1607.9999961853027,1213.5999851226807,2097.599992752075,2077.0000030994415,1697.5999908447266,2125.8800048828125,2127.2399978637695,2204.3999996185303,2814.2000136375427,6042.799999237061,2129.39998626709,3499.8000087738037,2520.3999967575073,1574.8000030517578,3083.2399940490723,1761.010004043579,5004.889987945557,2301.1499938964844,3672.8499879837036,2637.5999841690063,2538.4000091552734,2339.4000041484833,3914.3999977111816,3683.0000076293945,3507.66001701355,2085.3999919891357,749.3999938964844
18387409,Dilli Darbar,Whitefield,Bengaluru,Offers,Effective discount (%),29.877641369661347,27.249699313101583,39.23290369167622,36.948529324110815,24.323566137735263,44.692547756363005,32.69321585234443,40.76457666539918,42.22338884367443,32.468223408079176,38.82899886881987,28.7933052638121,32.85523350071537,43.39868633851466,36.139277773995545,30.525883729370936,36.384638694792535,38.779186957445475,30.43049897653352,48.01724071927615,36.922075937762116,35.01570528787943,27.413888592964682,46.01718428044597,27.17830882375752,30.019326627919387,46.480225376853085,30.388821718849172,34.34113820197062,29.508582653941925
18562485,Chinese Chaska,Whitefield,Bengaluru,Sales,Delivered orders,5,3,3,3,4,2,3,3,5,4,5,14,9,5,3,4,6,4,13,5,2,2,6,4,7,5,5,0,4,1
18562485,Chinese Chaska,Whitefield,Bengaluru,Sales,Sales (Rs),2739.199951171875,1461.5999755859375,1027.300048828125,1335,1762.300048828125,550.7999877929688,1384.5,1053.699951171875,2228.39990234375,1880.699951171875,1916.5,5561.89990234375,3313.800048828125,2194,1284,2149,3668,1337,5809,1693,500,654,2769,1346,2793,1310,1896,0,1350,158
18562485,Chinese Chaska,Whitefield,Bengaluru,Sales,Market share (%),0,0,0,0,0,0,0,0,0,0,0,0,0,0,0,0,0,0,0,0,0,0,0,0,0,0,0,0,0,0
18562485,Chinese Chaska,Whitefield,Bengaluru,Customer experience,Average rating,3.8401999473571777,3.8457000255584717,3.845400094985962,3.8541998863220215,3.859800100326538,3.865000009536743,3.858799934387207,3.858299970626831,3.857800006866455,3.8573999404907227,3.8568999767303467,3.856800079345703,3.8568999767303467,3.8401999473571777,3.841099977493286,3.8408000469207764,3.8403000831604004,3.839900016784668,3.8410000801086426,3.830399990081787,3.8310000896453857,3.8313000202178955,3.830699920654297,3.8299999237060547,3.8296000957489014,3.8296000957489014,3.8289999961853027,3.828700065612793,3.8285000324249268,3.8282999992370605
18562485,Chinese Chaska,Whitefield,Bengaluru,Customer experience,Rated orders,0,0,1,2,1,0,0,0,0,1,1,4,2,1,0,0,1,0,1,0,0,0,0,0,0,0,0,0,0,0
18562485,Chinese Chaska,Whitefield,Bengaluru,Customer experience,Bad orders,2,0,1,0,1,0,0,0,0,0,1,2,1,2,1,1,1,0,0,0,0,0,0,0,1,0,0,0,1,0
18562485,Chinese Chaska,Whitefield,Bengaluru,Customer experience,Rejected orders,0,0,0,0,0,0,0,0,0,0,0,0,0,0,0,0,0,0,0,0,0,0,0,0,0,0,0,0,0,0
18562485,Chinese Chaska,Whitefield,Bengaluru,Customer experience,KPT+10 delayed orders,2,0,0,0,0,0,0,0,0,0,1,0,0,2,1,1,1,0,0,0,0,0,0,0,1,0,0,0,1,0
18562485,Chinese Chaska,Whitefield,Bengaluru,Customer experience,Poor rated orders,0,0,0,0,1,0,0,0,0,0,0,2,0,1,0,0,0,0,0,0,0,0,0,0,0,0,0,0,0,0
18562485,Chinese Chaska,Whitefield,Bengaluru,Customer experience,Total complaints,0,0,1,0,0,0,0,0,0,0,0,1,1,0,0,0,0,0,0,0,0,0,0,0,0,0,0,0,0,0
18562485,Chinese Chaska,Whitefield,Bengaluru,Customer experience,Non-refunded complaints,0,0,1,0,0,0,0,0,0,0,0,1,1,0,0,0,0,0,0,0,0,0,0,0,0,0,0,0,0,0
18562485,Chinese Chaska,Whitefield,Bengaluru,Customer experience,Total complaints - Poor packaging,0,0,0,0,0,0,0,0,0,0,0,1,0,0,0,0,0,0,0,0,0,0,0,0,0,0,0,0,0,0
18562485,Chinese Chaska,Whitefield,Bengaluru,Customer experience,Total complaints - Poor quality,0,0,0,0,0,0,0,0,0,0,0,1,1,0,0,0,0,0,0,0,0,0,0,0,0,0,0,0,0,0
18562485,Chinese Chaska,Whitefield,Bengaluru,Customer experience,Total complaints - Wrong order,0,0,0,0,0,0,0,0,0,0,0,0,0,0,0,0,0,0,0,0,0,0,0,0,0,0,0,0,0,0
18562485,Chinese Chaska,Whitefield,Bengaluru,Customer experience,Total complaints - Missing items,0,0,1,0,0,0,0,0,0,0,0,0,0,0,0,0,0,0,0,0,0,0,0,0,0,0,0,0,0,0
18562485,Chinese Chaska,Whitefield,Bengaluru,Customer experience,Self logs other ors,0,0,0,0,0,0,0,0,0,0,0,0,0,0,0,0,0,0,0,0,0,0,0,0,0,0,0,0,1,0
18562485,Chinese Chaska,Whitefield,Bengaluru,Customer experience,Lost sales (Rs),0,0,0,0,0,0,0,0,0,0,0,0,0,0,0,0,0,0,0,0,0,0,0,0,0,0,0,0,0,0
18562485,Chinese Chaska,Whitefield,Bengaluru,Customer experience,Online %,100,100,100,100,100,100,100,100,82.65,81.59,99.49,100,100,100,100,100,100,100,100,100,100,100,100,100,100,100,100,100,100,100
18562485,Chinese Chaska,Whitefield,Bengaluru,Customer experience,Offline time (in hours),0,0,0,0,0,0,0,0,2,2,0,0,0,0,0,0,0,0,0,0,0,0,0,0,0,0,0,0,0,0
18562485,Chinese Chaska,Whitefield,Bengaluru,Customer experience,KPT (in minutes),32.74,12.6333,12.3667,8.4267,9.975,11.15,12.6067,21.5867,27.994,18.33,29.114,23.4136,24.9038,25.736,17.8533,30.95,24.9917,15.5175,15.7885,11.868,14.77,14.26,18.2133,11.175,21.2314,11.84,12.63,0,18.1875,22.45
18562485,Chinese Chaska,Whitefield,Bengaluru,Customer experience,FOR accuracy (%),100,66.7,66.7,100,100,50,33.3,66.7,80,75,100,85.7,77.8,60,50,60,83.3,50,92.3,60,100,100,100,100,85.7,100,80,0,75,100
18562485,Chinese Chaska,Whitefield,Bengaluru,Customer funnel,Impressions,1014,878,714,748,962,1324,699,728,795,580,2584,2224,2784,1327,1266,1473,1248,1539,2467,1692,1311,1232,1346,1141,1581,1794,2023,1438,1460,959
18562485,Chinese Chaska,Whitefield,Bengaluru,Customer funnel,Impressions to menu (%),8.5,6.9,5.3,5.6,5.8,4.8,5.4,5.9,4.9,5.3,5.7,6.5,5.2,5.5,6.2,4.8,6.5,5.1,5.6,5.7,6,7.5,5.8,6.7,6.3,5.6,4.7,6.4,6.2,5.6
18562485,Chinese Chaska,Whitefield,Bengaluru,Customer funnel,Menu opens,86,61,38,42,56,63,38,43,39,31,146,145,145,73,78,70,81,79,139,97,79,92,78,77,100,100,96,92,91,54
18562485,Chinese Chaska,Whitefield,Bengaluru,Customer funnel,Menu to cart (%),24.4,23,31.6,31,26.8,25.4,23.7,27.9,25.6,32.3,17.1,22.8,23.4,21.9,19.2,25.7,23.5,19,28.8,19.6,12.7,15.2,17.9,19.5,22,26,16.7,15.2,14.3,22.2
18562485,Chinese Chaska,Whitefield,Bengaluru,Customer funnel,Cart builds,21,14,12,13,15,16,9,12,10,10,25,33,34,16,15,18,19,15,40,19,10,14,14,15,22,26,16,14,13,12
18562485,Chinese Chaska,Whitefield,Bengaluru,Customer funnel,Cart to orders (%),23.8,21.4,25,23.1,26.7,12.5,33.3,25,50,40,20,42.4,26.5,31.3,26.7,27.8,31.6,26.7,32.5,26.3,20,14.3,42.9,26.7,31.8,19.2,31.3,0,30.8,8.3
18562485,Chinese Chaska,Whitefield,Bengaluru,Customer funnel,Placed Orders,5,3,3,3,4,2,3,3,5,4,5,14,9,5,4,5,6,4,13,5,2,2,6,4,7,5,5,0,4,1
18562485,Chinese Chaska,Whitefield,Bengaluru,Customer segmentation,New user orders,2,0,0,0,1,1,1,0,2,1,3,3,6,1,2,3,3,2,4,1,2,2,4,2,2,3,1,0,1,0
18562485,Chinese Chaska,Whitefield,Bengaluru,Customer segmentation,Repeat user orders,2,1,3,1,2,1,2,3,1,2,1,5,2,1,0,2,3,1,1,2,0,0,0,0,3,2,3,0,2,1
18562485,Chinese Chaska,Whitefield,Bengaluru,Customer segmentation,Lapsed user orders,1,2,0,2,1,0,0,0,2,1,1,6,1,3,2,0,0,1,8,2,0,0,2,2,2,0,1,0,1,0
18562485,Chinese Chaska,Whitefield,Bengaluru,Customer segmentation,Breakfast orders,0,0,0,0,0,0,0,0,0,0,0,0,0,0,0,0,0,0,0,0,0,0,0,0,0,0,0,0,0,0
18562485,Chinese Chaska,Whitefield,Bengaluru,Customer segmentation,Lunch orders,0,0,0,0,0,1,0,0,0,0,0,4,4,2,2,2,1,1,2,2,0,1,0,0,1,0,1,0,1,0
18562485,Chinese Chaska,Whitefield,Bengaluru,Customer segmentation,Snacks orders,0,0,0,0,0,0,0,0,0,0,1,1,1,0,0,1,2,0,0,1,0,0,0,0,0,0,0,0,0,0
18562485,Chinese Chaska,Whitefield,Bengaluru,Customer segmentation,Dinner orders,5,0,2,2,2,1,3,3,5,4,4,8,3,3,1,2,2,3,9,2,0,1,4,0,4,3,4,0,2,1
18562485,Chinese Chaska,Whitefield,Bengaluru,Customer segmentation,Late night orders,0,3,1,1,2,0,0,0,0,0,0,1,1,0,1,0,1,0,2,0,2,0,2,4,2,2,0,0,1,0
18562485,Chinese Chaska,Whitefield,Bengaluru,Ads,Sales from ads (Rs),0,0,0,0,0,0,0,0,0,0,918.3,2886.6,1136.9,766,1586,1036,2634,776,4208,308,316,268,2462,1108,1420,288,288,0,678,0
18562485,Chinese Chaska,Whitefield,Bengaluru,Ads,Ads CTR (%),0,0,0,0,0,0,0,0,0,0,5.7,6.7,4.9,5.5,6.6,5.8,7,5.5,5.4,7,6.8,8.8,7.6,7.9,7,6,6.3,8.3,7,0
18562485,Chinese Chaska,Whitefield,Bengaluru,Ads,Ads impressions,0,0,0,0,0,0,0,0,0,0,2110,1569,1846,894,821,898,745,930,1609,857,738,697,722,645,816,732,885,652,714,0
18562485,Chinese Chaska,Whitefield,Bengaluru,Ads,Ads menu opens,0,0,0,0,0,0,0,0,0,0,120,105,90,49,54,52,52,51,87,60,50,61,55,51,57,44,56,54,50,0
18562485,Chinese Chaska,Whitefield,Bengaluru,Ads,Ads orders,0,0,0,0,0,0,0,0,0,0,2,10,4,1,4,4,4,2,9,1,1,1,5,3,3,1,1,0,3,0
18562485,Chinese Chaska,Whitefield,Bengaluru,Ads,Ads spend (Rs),0,0,0,0,0,0,0,0,0,0,357.0000305175781,231,105.00000762939453,189.00001525878906,189.00001525878906,189.00001525878906,189.00001525878906,189.00001525878906,189.00001525878906,84.00000762939453,189.00001525878906,189.00001525878906,199.50001525878906,189.00001525878906,178.50001525878906,168.00001525878906,115.5,199.50001525878906,157.50001525878906,0
18562485,Chinese Chaska,Whitefield,Bengaluru,Ads,Ads ROI,0,0,0,0,0,0,0,0,0,0,3.3109240867188108,18.476190476190474,14.780951306955151,4.052909725701086,11.291004379433575,7.492062887196787,16.444443116813286,6.4550259338842375,30.010579587697865,5.452380457162361,1.6719575369732942,2.158729984446532,15.849622847889465,7.259258673187848,10.08403275142785,2.4285712079937154,3.5324675324675323,0,6.234920030874098,0
18562485,Chinese Chaska,Whitefield,Bengaluru,Offers,Orders with offers,2739.2,1461.6,1027.3,1335,1762.3,550.8,1384.5,1053.7,2228.4,1880.7,1916.5,5561.9,3313.8,138,1100,2072,2546,1337,5253,1330,184,654,1585,1148,2027,1310,1896,0,1192,0
18562485,Chinese Chaska,Whitefield,Bengaluru,Offers,Gross sales from offers (Rs),5,3,3,3,4,2,3,3,5,4,5,14,9,1,3,4,4,4,11,4,1,2,5,3,6,5,5,0,3,0
18562485,Chinese Chaska,Whitefield,Bengaluru,Offers,Discount given (Rs),955.8000202178955,378.4000015258789,286.6999969482422,697,683.7000122070312,223.1999969482422,353.50000953674316,278.30000495910645,600.6000003814697,783.2999954223633,537.5,2268.099967956543,964.1999969482422,60,591.239990234375,520,614,709,2169,704,174,360,959,384,840,738,880,0,478,0
18562485,Chinese Chaska,Whitefield,Bengaluru,Offers,Effective discount (%),34.89340089280407,25.889436771109892,27.90810701073073,52.20973782771536,38.795891350151784,40.52287616101713,25.532683967984337,26.411693827032487,26.95207443465513,41.64938670489594,28.045917036264022,40.77923025908431,29.096505001537942,43.47826086956522,53.74909002130682,25.096525096525095,24.116260801256875,53.029169783096485,41.29069103369503,52.932330827067666,94.56521739130434,55.04587155963303,60.504731861198735,33.44947735191638,41.440552540700544,56.33587786259542,46.413502109704645,0,40.100671140939596,0
19160468,Roj Ka Khana - Daily Meals,Whitefield,Bengaluru,Sales,Delivered orders,31,14,16,25,53,59,42,50,31,23,32,60,68,49,37,41,37,39,47,73,35,41,38,32,52,33,55,42,36,23
19160468,Roj Ka Khana - Daily Meals,Whitefield,Bengaluru,Sales,Sales (Rs),10220.099609375,5049.60009765625,5715.39990234375,7565.19970703125,19236.798828125,20278.400390625,12675.3994140625,19852.19921875,10283.2001953125,6763.60009765625,12615.7998046875,22210.19921875,24438.298828125,18234.400390625,11416.759765625,12731.7998046875,12084.3994140625,16893.19921875,19289.80078125,23715.400390625,13377.400390625,12350,13043.7998046875,12546.2001953125,17355.599609375,9965.7998046875,18714.599609375,11841.7998046875,11542.2001953125,8883.7998046875
19160468,Roj Ka Khana - Daily Meals,Whitefield,Bengaluru,Sales,Market share (%),0,0,0,0,0,0,0,0,0,0,0,0,0,0,0,0,0,0,0,0,0,0,0,0,0,0,0,0,0,0
19160468,Roj Ka Khana - Daily Meals,Whitefield,Bengaluru,Customer experience,Average rating,4.0746002197265625,4.0817999839782715,4.089799880981445,4.079100131988525,4.086299896240234,4.079400062561035,4.093500137329102,4.086400032043457,4.090799808502197,4.084700107574463,4.084400177001953,4.095099925994873,4.10290002822876,4.088099956512451,4.078000068664551,4.077099800109863,4.088099956512451,4.071499824523926,4.061200141906738,4.053999900817871,4.048900127410889,4.056000232696533,4.047900199890137,4.0329999923706055,4.042600154876709,4.036799907684326,4.021900177001953,4.018400192260742,4.013800144195557,4.0177998542785645
19160468,Roj Ka Khana - Daily Meals,Whitefield,Bengaluru,Customer experience,Rated orders,8,0,3,2,4,7,2,7,1,2,2,9,3,4,7,5,3,4,6,7,0,6,6,4,6,4,7,2,3,1
19160468,Roj Ka Khana - Daily Meals,Whitefield,Bengaluru,Customer experience,Bad orders,2,0,1,1,9,8,3,5,8,1,7,19,9,6,1,13,6,10,5,10,8,4,9,3,2,2,5,4,3,0
19160468,Roj Ka Khana - Daily Meals,Whitefield,Bengaluru,Customer experience,Rejected orders,0,0,0,0,0,0,0,0,0,0,0,0,0,0,0,0,0,0,0,0,0,0,0,0,0,0,0,0,0,0
19160468,Roj Ka Khana - Daily Meals,Whitefield,Bengaluru,Customer experience,KPT+10 delayed orders,1,0,1,0,7,6,3,1,8,1,7,14,8,4,0,12,6,8,4,6,8,2,5,2,2,0,4,3,0,0
19160468,Roj Ka Khana - Daily Meals,Whitefield,Bengaluru,Customer experience,Poor rated orders,1,0,0,1,1,2,0,2,0,0,1,5,1,2,1,1,0,2,1,2,0,3,3,2,0,2,1,0,2,0
19160468,Roj Ka Khana - Daily Meals,Whitefield,Bengaluru,Customer experience,Total complaints,0,0,0,0,1,0,0,2,0,0,1,2,0,0,0,1,0,1,0,3,0,0,1,1,0,0,1,1,2,0
19160468,Roj Ka Khana - Daily Meals,Whitefield,Bengaluru,Customer experience,Non-refunded complaints,0,0,0,0,0,0,0,1,0,0,1,1,0,0,0,1,0,1,0,2,0,0,1,1,0,0,0,1,2,0
19160468,Roj Ka Khana - Daily Meals,Whitefield,Bengaluru,Customer experience,Total complaints - Poor packaging,0,0,0,0,0,0,0,1,0,0,0,0,0,0,0,0,0,0,0,0,0,0,0,0,0,0,0,0,1,0
19160468,Roj Ka Khana - Daily Meals,Whitefield,Bengaluru,Customer experience,Total complaints - Poor quality,0,0,0,0,1,0,0,1,0,0,1,1,0,0,0,0,0,1,0,2,0,0,0,1,0,0,0,1,1,0
19160468,Roj Ka Khana - Daily Meals,Whitefield,Bengaluru,Customer experience,Total complaints - Wrong order,0,0,0,0,0,0,0,0,0,0,0,0,0,0,0,0,0,0,0,1,0,0,0,0,0,0,1,0,0,0
19160468,Roj Ka Khana - Daily Meals,Whitefield,Bengaluru,Customer experience,Total complaints - Missing items,0,0,0,0,0,0,0,0,0,0,0,1,0,0,0,1,0,0,0,0,0,0,1,0,0,0,0,0,0,0
19160468,Roj Ka Khana - Daily Meals,Whitefield,Bengaluru,Customer experience,Self logs other ors,0,0,1,0,1,0,3,1,1,0,2,3,1,1,0,4,1,4,3,4,2,0,1,5,0,0,1,1,1,0
19160468,Roj Ka Khana - Daily Meals,Whitefield,Bengaluru,Customer experience,Lost sales (Rs),0,0,0,0,0,0,0,0,0,0,0,0,0,0,0,0,0,0,0,0,0,0,0,0,0,0,0,0,0,0
19160468,Roj Ka Khana - Daily Meals,Whitefield,Bengaluru,Customer experience,Online %,100,100,100,100,100,100,100,100,82.65,81.59,99.24,100,100,100,100,100,100,100,100,100,100,100,100,100,100,100,100,100,100,100
19160468,Roj Ka Khana - Daily Meals,Whitefield,Bengaluru,Customer experience,Offline time (in hours),0,0,0,0,0,0,0,0,2,2,0,0,0,0,0,0,0,0,0,0,0,0,0,0,0,0,0,0,0,0
19160468,Roj Ka Khana - Daily Meals,Whitefield,Bengaluru,Customer experience,KPT (in minutes),11.5448,10.6464,10.3957,11.584,15.5186,14.8314,14.1595,17.1233,20.967,14.5329,18.8483,15.3491,16.8472,15.5758,13.1417,18.5137,16.0078,23.0324,18.0933,15.6361,19.2272,15.1213,16.2991,16.7713,13.519,14.0313,16.664,11.3478,11.4521,13.2668
19160468,Roj Ka Khana - Daily Meals,Whitefield,Bengaluru,Customer experience,FOR accuracy (%),96.8,85.7,70.6,96,92.6,81.4,83.7,86,58.1,82.6,75,81.7,79.4,80,82.1,76.2,81.1,85.4,79.2,87.7,60,78,71.1,78.1,92.5,97,82.1,81,91.7,91.3
19160468,Roj Ka Khana - Daily Meals,Whitefield,Bengaluru,Customer funnel,Impressions,1563,1461,1442,3576,5867,7606,4228,4201,4058,3950,4821,6196,9115,4480,4169,4610,4270,5120,6957,7119,3997,4170,3913,4069,4819,5122,6760,4139,4616,1475
19160468,Roj Ka Khana - Daily Meals,Whitefield,Bengaluru,Customer funnel,Impressions to menu (%),11.3,9.3,8,7.5,7.7,7.7,8,7.9,7.1,7.2,6.2,7.1,7.5,8.8,8,8,7.8,7.2,7,7.8,7.6,7.2,7.5,7.2,7.9,7,7.7,8.1,7.3,8.1
19160468,Roj Ka Khana - Daily Meals,Whitefield,Bengaluru,Customer funnel,Menu opens,177,136,116,267,452,583,340,331,287,284,299,439,683,392,332,368,332,371,484,553,304,301,294,292,380,359,520,336,336,119
19160468,Roj Ka Khana - Daily Meals,Whitefield,Bengaluru,Customer funnel,Menu to cart (%),32.8,27.9,38.8,27.7,30.1,30.5,32.1,34.1,23,26.4,26.8,27.6,29.1,27.6,32.2,30.7,33.4,31,32.2,31.1,29.6,31.2,27.9,31.2,32.6,27,28.5,37.2,33,39.5
19160468,Roj Ka Khana - Daily Meals,Whitefield,Bengaluru,Customer funnel,Cart builds,58,38,45,74,136,178,109,113,66,75,80,121,199,108,107,113,111,115,156,172,90,94,82,91,124,97,148,125,111,47
19160468,Roj Ka Khana - Daily Meals,Whitefield,Bengaluru,Customer funnel,Cart to orders (%),53.4,36.8,37.8,33.8,39.7,33.1,39.4,44.2,47,30.7,40,49.6,34.2,46.3,36.4,37.2,33.3,35.7,30.8,42.4,38.9,43.6,46.3,35.2,42.7,34,37.8,33.6,32.4,48.9
19160468,Roj Ka Khana - Daily Meals,Whitefield,Bengaluru,Customer funnel,Placed Orders,31,14,17,25,54,59,43,50,31,23,32,60,68,50,39,42,37,41,48,73,35,41,38,32,53,33,56,42,36,23
19160468,Roj Ka Khana - Daily Meals,Whitefield,Bengaluru,Customer segmentation,New user orders,15,2,5,8,23,24,22,20,12,8,10,31,36,21,17,19,17,21,28,40,13,24,16,14,29,19,29,30,18,7
19160468,Roj Ka Khana - Daily Meals,Whitefield,Bengaluru,Customer segmentation,Repeat user orders,14,8,10,12,26,25,13,19,15,11,19,21,26,23,20,20,17,15,16,23,16,16,16,17,18,12,21,10,16,13
19160468,Roj Ka Khana - Daily Meals,Whitefield,Bengaluru,Customer segmentation,Lapsed user orders,2,4,2,5,5,10,8,11,4,4,3,8,6,6,2,3,3,5,4,10,6,1,6,1,6,2,6,2,2,3
19160468,Roj Ka Khana - Daily Meals,Whitefield,Bengaluru,Customer segmentation,Breakfast orders,0,0,0,0,0,0,0,0,1,0,0,0,0,0,1,0,0,0,0,0,0,0,0,0,0,0,0,0,0,0
19160468,Roj Ka Khana - Daily Meals,Whitefield,Bengaluru,Customer segmentation,Lunch orders,5,1,7,10,13,14,6,9,10,5,14,14,23,7,10,12,11,9,10,20,5,6,7,6,12,4,11,13,11,8
19160468,Roj Ka Khana - Daily Meals,Whitefield,Bengaluru,Customer segmentation,Snacks orders,0,0,0,0,2,1,3,0,2,3,0,6,7,6,2,2,1,0,3,1,2,0,2,0,1,0,3,1,1,1
19160468,Roj Ka Khana - Daily Meals,Whitefield,Bengaluru,Customer segmentation,Dinner orders,16,9,6,11,16,27,15,24,16,10,12,25,24,19,17,16,12,23,22,33,15,20,16,16,22,17,30,16,17,5
19160468,Roj Ka Khana - Daily Meals,Whitefield,Bengaluru,Customer segmentation,Late night orders,10,4,4,4,23,17,19,17,2,5,6,15,14,18,9,12,13,9,13,19,13,15,13,10,18,12,12,12,7,9
19160468,Roj Ka Khana - Daily Meals,Whitefield,Bengaluru,Ads,Sales from ads (Rs),0,0,0,4942.8,16817.199999999993,18586.399999999998,12180.599999999997,16026.199999999992,7091.599999999999,5779.999999999999,9119.4,19656.199999999993,20378.299999999996,15758.199999999999,9085.799999999996,10607.399999999996,9895.999999999998,17324.599999999995,18628.599999999995,20279.60000000001,12334.999999999996,8754.999999999998,10735.799999999996,11360.199999999995,15222.199999999992,9270.199999999997,17080.8,11017.799999999996,8970.199999999997,0
19160468,Roj Ka Khana - Daily Meals,Whitefield,Bengaluru,Ads,Ads CTR (%),0,0,0,6.9,7.7,7.6,8.3,7.3,7.1,7.1,6.2,7.2,7.3,8.5,8,8.1,7.9,7.8,7,8,7.7,7.3,7.5,7.3,8.1,6.8,8,8.3,7.4,0
19160468,Roj Ka Khana - Daily Meals,Whitefield,Bengaluru,Ads,Ads impressions,0,0,0,2620,5089,6596,3558,3473,3557,3417,4191,5425,8007,3767,3471,3838,3502,4114,5772,5719,3309,3388,3207,3324,3927,4149,5500,3323,3860,0
19160468,Roj Ka Khana - Daily Meals,Whitefield,Bengaluru,Ads,Ads menu opens,0,0,0,181,393,503,295,253,251,242,258,388,587,319,277,309,275,319,402,457,254,249,241,244,320,284,438,276,286,0
19160468,Roj Ka Khana - Daily Meals,Whitefield,Bengaluru,Ads,Ads orders,0,0,0,17,44,54,39,39,22,20,23,53,56,42,30,36,31,39,45,64,32,30,32,27,46,31,51,38,29,0
19160468,Roj Ka Khana - Daily Meals,Whitefield,Bengaluru,Ads,Ads spend (Rs),0,0,0,0,0,1608.11865234375,1216.703369140625,0,0,0,0,0,5064.025390625,1466.296630859375,0,0,0,0,0,5439.01708984375,1422.923828125,0,0,0,0,0,4718.33935546875,1122.8729248046875,1403.0423583984375,0
19160468,Roj Ka Khana - Daily Meals,Whitefield,Bengaluru,Ads,Ads ROI,0,0,0,0,0,14.359015092789365,12.800983703201911,0,0,0,0,0,5.080345775443433,13.349959065600101,0,0,0,0,0,4.716109469098376,10.852302628418323,0,0,0,0,0,4.5378253633206285,12.769031725022625,8.175804480410742,0
19160468,Roj Ka Khana - Daily Meals,Whitefield,Bengaluru,Offers,Orders with offers,10220.1,5049.6,6057.8,7565.1997,19335.2,20278.4,13096.2,19852.2,10283.2,6763.6,12615.8,22058.2,24062.299,18368.4,11925.56,13006.2,12084.399,17751.4,19532.2,23523.4,13377.4,12350,12851.8,12546.2,17564,9965.8,19163,11841.8,11542.2,8883.8
19160468,Roj Ka Khana - Daily Meals,Whitefield,Bengaluru,Offers,Gross sales from offers (Rs),31,14,17,25,53,59,43,50,31,23,32,59,66,50,39,42,37,41,48,72,35,41,37,32,53,33,56,42,36,23
19160468,Roj Ka Khana - Daily Meals,Whitefield,Bengaluru,Offers,Discount given (Rs),2657.8999614715576,1323.3999862670898,1454.1999797821045,2146.799976348877,4849.799928665161,4990.59991645813,3610.799966812134,5049.759952545166,2607.7999687194824,1759.3999710083008,3155.1599655151367,5478.0599365234375,6407.699924468994,4541.919952392578,3326.5999603271484,3571.799961090088,2980.5199661254883,4655.599977493286,5145.519958496094,6131.5999183654785,3447.0599937438965,3530.9999618530273,3455.1599502563477,2991.9599781036377,4323.5199337005615,2331.659959793091,4807.999927520752,3594.1999702453613,3226.3199729919434,2293.20001411438
19160468,Roj Ka Khana - Daily Meals,Whitefield,Bengaluru,Offers,Effective discount (%),26.00659546442619,26.208015697744862,24.005414947137254,28.377307400802618,25.08275127551903,24.61042202700247,27.571355912110608,25.43677854983326,25.359809389962315,26.012773457998723,25.009591261449884,24.834574582438965,26.629624917546998,24.72681265544885,27.89470750377525,27.462286505303698,24.664196076282334,26.226663108517545,26.343781879700646,26.06595907286075,25.767786663241587,28.591092808526536,26.884638749166715,23.847538948258542,24.615804678322487,23.396616483268854,25.09001684246074,30.35180487363602,27.95238272077633,25.813278828102163
19524149,Valluvan Cafe,Whitefield,Bengaluru,Sales,Delivered orders,6,0,0,0,0,0,0,1,0,0,6,1,5,4,0,2,0,2,3,4,0,1,1,2,1,2,2,1,0,0
19524149,Valluvan Cafe,Whitefield,Bengaluru,Sales,Sales (Rs),1047.800048828125,0,0,0,0,0,0,168.39999389648438,0,0,595.3999633789062,238,601.2000122070312,963.2000122070312,0,169,0,431.5400085449219,753.4000244140625,858.47998046875,0,194.39999389648438,256.79998779296875,441.20001220703125,218,439.79998779296875,332.6000061035156,290.79998779296875,0,0
19524149,Valluvan Cafe,Whitefield,Bengaluru,Sales,Market share (%),0,0,0,0,0,0,0,0,0,0,0,0,0,0,0,0,0,0,0,0,0,0,0,0,0,0,0,0,0,0
19524149,Valluvan Cafe,Whitefield,Bengaluru,Customer experience,Average rating,4.100800037384033,4.100900173187256,4.10099983215332,4.100900173187256,4.10099983215332,4.100500106811523,4.100599765777588,4.1006999015808105,4.100800037384033,4.100599765777588,4.100399971008301,4.100500106811523,4.100599765777588,4.1006999015808105,4.100399971008301,4.100599765777588,4.100900173187256,4.1006999015808105,4.10890007019043,4.109000205993652,4.108699798583984,4.102099895477295,4.10230016708374,4.102399826049805,4.102099895477295,4.102099895477295,4.101799964904785,4.10129976272583,4.087500095367432,4.087699890136719
19524149,Valluvan Cafe,Whitefield,Bengaluru,Customer experience,Rated orders,1,0,0,0,0,0,0,0,0,0,1,0,0,0,0,1,0,0,1,0,0,0,0,0,0,0,1,1,0,0
19524149,Valluvan Cafe,Whitefield,Bengaluru,Customer experience,Bad orders,0,0,0,0,0,0,0,0,0,0,1,0,0,0,0,1,0,1,0,0,0,0,0,0,0,0,1,0,0,0
19524149,Valluvan Cafe,Whitefield,Bengaluru,Customer experience,Rejected orders,0,0,0,0,0,0,0,0,0,0,0,0,0,0,0,0,0,0,0,0,0,0,0,0,0,0,0,0,0,0
19524149,Valluvan Cafe,Whitefield,Bengaluru,Customer experience,KPT+10 delayed orders,0,0,0,0,0,0,0,0,0,0,1,0,0,0,0,0,0,1,0,0,0,0,0,0,0,0,0,0,0,0
19524149,Valluvan Cafe,Whitefield,Bengaluru,Customer experience,Poor rated orders,0,0,0,0,0,0,0,0,0,0,0,0,0,0,0,1,0,0,0,0,0,0,0,0,0,0,1,0,0,0
19524149,Valluvan Cafe,Whitefield,Bengaluru,Customer experience,Total complaints,0,0,0,0,0,0,0,0,0,0,0,0,0,0,0,0,0,0,0,0,0,0,0,0,0,0,0,0,0,0
19524149,Valluvan Cafe,Whitefield,Bengaluru,Customer experience,Non-refunded complaints,0,0,0,0,0,0,0,0,0,0,0,0,0,0,0,0,0,0,0,0,0,0,0,0,0,0,0,0,0,0
19524149,Valluvan Cafe,Whitefield,Bengaluru,Customer experience,Total complaints - Poor packaging,0,0,0,0,0,0,0,0,0,0,0,0,0,0,0,0,0,0,0,0,0,0,0,0,0,0,0,0,0,0
19524149,Valluvan Cafe,Whitefield,Bengaluru,Customer experience,Total complaints - Poor quality,0,0,0,0,0,0,0,0,0,0,0,0,0,0,0,0,0,0,0,0,0,0,0,0,0,0,0,0,0,0
19524149,Valluvan Cafe,Whitefield,Bengaluru,Customer experience,Total complaints - Wrong order,0,0,0,0,0,0,0,0,0,0,0,0,0,0,0,0,0,0,0,0,0,0,0,0,0,0,0,0,0,0
19524149,Valluvan Cafe,Whitefield,Bengaluru,Customer experience,Total complaints - Missing items,0,0,0,0,0,0,0,0,0,0,0,0,0,0,0,0,0,0,0,0,0,0,0,0,0,0,0,0,0,0
19524149,Valluvan Cafe,Whitefield,Bengaluru,Customer experience,Self logs other ors,0,0,0,0,0,0,0,0,0,0,0,0,0,1,0,0,0,0,0,0,0,0,0,0,0,0,0,0,0,0
19524149,Valluvan Cafe,Whitefield,Bengaluru,Customer experience,Lost sales (Rs),0,0,0,0,0,0,0,0,0,0,0,0,0,0,0,0,0,0,0,0,0,0,0,0,0,0,0,0,0,0
19524149,Valluvan Cafe,Whitefield,Bengaluru,Customer experience,Online %,100,100,100,100,100,100,100,100,81.81,81.59,99.24,100,100,100,100,100,100,100,100,100,100,100,100,100,100,100,100,100,100,100
19524149,Valluvan Cafe,Whitefield,Bengaluru,Customer experience,Offline time (in hours),0,0,0,0,0,0,0,0,2,2,0,0,0,0,0,0,0,0,0,0,0,0,0,0,0,0,0,0,0,0
19524149,Valluvan Cafe,Whitefield,Bengaluru,Customer experience,KPT (in minutes),8.7467,0,0,0,0,0,0,11.77,0,0,12.688,6.98,17.012,12.0475,0,12,0,16.445,15.9233,11.73,0,11.9,18.4,9.65,4.73,7.275,12.805,7.27,0,0
19524149,Valluvan Cafe,Whitefield,Bengaluru,Customer experience,FOR accuracy (%),100,0,0,0,0,0,0,100,0,0,83.3,100,100,100,0,50,0,50,100,100,0,100,100,100,100,100,100,100,0,0
19524149,Valluvan Cafe,Whitefield,Bengaluru,Customer funnel,Impressions,580,454,315,322,340,493,301,283,275,168,1412,1180,1575,765,656,605,811,849,1400,1113,557,650,636,646,824,805,934,722,741,406
19524149,Valluvan Cafe,Whitefield,Bengaluru,Customer funnel,Impressions to menu (%),11.4,8.8,4.4,4.7,5.3,5.5,5.6,7.8,14.2,9.5,7.8,8.8,6.1,7.2,6.1,6.9,6.5,7.9,7.5,6.4,6.5,4.5,4.9,5.3,7.5,6.1,6,7.2,6.9,9.6
19524149,Valluvan Cafe,Whitefield,Bengaluru,Customer funnel,Menu opens,66,40,14,15,18,27,17,22,39,16,110,104,96,55,40,42,53,67,105,71,36,29,31,34,62,49,56,52,51,39
19524149,Valluvan Cafe,Whitefield,Bengaluru,Customer funnel,Menu to cart (%),22.7,12.5,7.1,13.3,16.7,7.4,0,31.8,25.6,25,25.5,15.4,22.9,16.4,2.5,14.3,20.8,19.4,17.1,19.7,11.1,24.1,12.9,20.6,17.7,22.4,26.8,15.4,23.5,12.8
19524149,Valluvan Cafe,Whitefield,Bengaluru,Customer funnel,Cart builds,15,5,1,2,3,2,0,7,10,4,28,16,22,9,1,6,11,13,18,14,4,7,4,7,11,11,15,8,12,5
19524149,Valluvan Cafe,Whitefield,Bengaluru,Customer funnel,Cart to orders (%),40,0,0,0,0,0,0,14.3,0,0,21.4,6.3,22.7,44.4,0,33.3,0,15.4,16.7,28.6,0,14.3,25,28.6,9.1,18.2,13.3,12.5,0,0
19524149,Valluvan Cafe,Whitefield,Bengaluru,Customer funnel,Placed Orders,6,0,0,0,0,0,0,1,0,0,6,1,5,4,0,2,0,2,3,4,0,1,1,2,1,2,2,1,0,0
19524149,Valluvan Cafe,Whitefield,Bengaluru,Customer segmentation,New user orders,3,0,0,0,0,0,0,1,0,0,5,1,5,4,0,2,0,1,2,1,0,1,1,2,1,1,2,0,0,0
19524149,Valluvan Cafe,Whitefield,Bengaluru,Customer segmentation,Repeat user orders,2,0,0,0,0,0,0,0,0,0,1,0,0,0,0,0,0,1,0,3,0,0,0,0,0,1,0,0,0,0
19524149,Valluvan Cafe,Whitefield,Bengaluru,Customer segmentation,Lapsed user orders,1,0,0,0,0,0,0,0,0,0,0,0,0,0,0,0,0,0,1,0,0,0,0,0,0,0,0,1,0,0
19524149,Valluvan Cafe,Whitefield,Bengaluru,Customer segmentation,Breakfast orders,0,0,0,0,0,0,0,0,0,0,0,0,0,0,0,0,0,0,0,0,0,0,0,0,0,0,0,0,0,0
19524149,Valluvan Cafe,Whitefield,Bengaluru,Customer segmentation,Lunch orders,1,0,0,0,0,0,0,0,0,0,0,0,2,0,0,1,0,0,0,1,0,0,0,0,0,1,1,0,0,0
19524149,Valluvan Cafe,Whitefield,Bengaluru,Customer segmentation,Snacks orders,0,0,0,0,0,0,0,0,0,0,1,0,0,0,0,0,0,1,0,0,0,0,0,0,0,0,0,0,0,0
19524149,Valluvan Cafe,Whitefield,Bengaluru,Customer segmentation,Dinner orders,4,0,0,0,0,0,0,1,0,0,5,0,3,1,0,0,0,0,2,2,0,0,1,0,0,1,1,0,0,0
19524149,Valluvan Cafe,Whitefield,Bengaluru,Customer segmentation,Late night orders,1,0,0,0,0,0,0,0,0,0,0,1,0,3,0,1,0,1,1,1,0,1,0,2,1,0,0,1,0,0
19524149,Valluvan Cafe,Whitefield,Bengaluru,Ads,Sales from ads (Rs),0,0,0,0,0,0,0,0,0,0,595.4000000000001,238,408.2,750.2,0,121,0,244.46,570.9200000000001,858.48,0,0,256.8,441.2,218,306,332.6,0,0,0
19524149,Valluvan Cafe,Whitefield,Bengaluru,Ads,Ads CTR (%),0,0,0,0,0,0,0,0,0,0,8.1,8.8,6.2,6.4,5.7,5.7,6.6,4.1,5.8,4.8,6.7,4,4.6,4.2,5.9,3.8,3.3,6.3,5.5,0
19524149,Valluvan Cafe,Whitefield,Bengaluru,Ads,Ads impressions,0,0,0,0,0,0,0,0,0,0,1264,972,1271,606,491,402,485,486,924,665,386,478,483,409,442,339,450,336,382,0
19524149,Valluvan Cafe,Whitefield,Bengaluru,Ads,Ads menu opens,0,0,0,0,0,0,0,0,0,0,102,86,79,39,28,23,32,20,54,32,26,19,22,17,26,13,15,21,21,0
19524149,Valluvan Cafe,Whitefield,Bengaluru,Ads,Ads orders,0,0,0,0,0,0,0,0,0,0,6,1,4,3,0,1,0,1,2,4,0,0,1,2,1,1,2,0,0,0
19524149,Valluvan Cafe,Whitefield,Bengaluru,Ads,Ads spend (Rs),0,0,0,0,0,0,0,0,0,0,108.00000762939453,72,18,54.000003814697266,54.000003814697266,54.000003814697266,54.000003814697266,54.000003814697266,54.000003814697266,18,54.000003814697266,54.000003814697266,63,54.000003814697266,54.000003814697266,45,27.000001907348633,63,45,0
19524149,Valluvan Cafe,Whitefield,Bengaluru,Ads,Ads ROI,0,0,0,0,0,0,0,0,0,0,10.768517757803052,4.972222222222222,46.111111111111114,17.20370248839043,0,4.092592303481469,0,5.796295886831221,12.259258393234084,64.61111111111111,0,0,5.015873015873016,10.074073362415923,4.037036751850499,6.8,17.8148135563311,0,0,0
19524149,Valluvan Cafe,Whitefield,Bengaluru,Offers,Orders with offers,1047.8,0,0,0,0,0,0,168.4,0,0,595.39996,238,601.2,134.2,0,169,0,431.54,507.40002,858.48,0,194.4,256.8,205.2,0,133.8,332.6,290.8,0,0
19524149,Valluvan Cafe,Whitefield,Bengaluru,Offers,Gross sales from offers (Rs),6,0,0,0,0,0,0,1,0,0,6,1,5,2,0,2,0,2,2,4,0,1,1,1,0,1,2,1,0,0
19524149,Valluvan Cafe,Whitefield,Bengaluru,Offers,Discount given (Rs),421.2000045776367,0,0,0,0,0,0,39.599998474121094,0,0,567.6000061035156,120,541.8000030517578,178.8000030517578,0,160,0,115.45999908447266,142.60000228881836,304.5199966430664,0,119.5999984741211,59.20000076293945,102.80000305175781,0,79.19999694824219,148.4000015258789,65.19999694824219,0,0
19524149,Valluvan Cafe,Whitefield,Bengaluru,Offers,Effective discount (%),40.19850972985857,0,0,0,0,0,0,23.515439376122096,0,0,95.33087689195926,50.42016806722689,90.11975915682146,133.23398443944586,0,94.67455621301775,0,26.755340593745586,28.10405901211585,35.47199743397527,0,61.52263489154564,23.052960894478815,50.09746811920624,0,59.19282148118134,44.618159591882915,22.42090773217655,0,0
19624944,Uruvalu Biryani,Whitefield,Bengaluru,Sales,Delivered orders,5,12,5,3,9,8,2,9,8,9,10,11,7,12,9,15,12,6,16,16,6,12,9,7,14,14,7,10,14,10
19624944,Uruvalu Biryani,Whitefield,Bengaluru,Sales,Sales (Rs),1306.199951171875,3908.800048828125,1314.4000244140625,1711.39990234375,2851.800048828125,3767.199951171875,686.800048828125,2499.39990234375,3288.199951171875,3570.39990234375,3348.60009765625,4129,2515.60009765625,3563.800048828125,2570.800048828125,3503,2228,1743.97998046875,4237.81005859375,3822.300048828125,1301,3380.02001953125,2278,1596,2884.419921875,2973.60009765625,2536,2035.9000244140625,3104.60009765625,2956
19624944,Uruvalu Biryani,Whitefield,Bengaluru,Sales,Market share (%),0,0,0,0,0,0,0,0,0,0,0,0,0,0,0,0,0,0,0,0,0,0,0,0,0,0,0,0,0,0
19624944,Uruvalu Biryani,Whitefield,Bengaluru,Customer experience,Average rating,3.880000114440918,3.8798000812530518,3.8856000900268555,3.8615000247955322,3.858099937438965,3.858299970626831,3.858099937438965,3.8577001094818115,3.8571999073028564,3.8503000736236572,3.8378000259399414,3.8471999168395996,3.8350000381469727,3.8231000900268555,3.8371999263763428,3.837100028991699,3.836899995803833,3.8378000259399414,3.8327999114990234,3.830199956893921,3.831199884414673,3.8366000652313232,3.8415000438690186,3.836400032043457,3.8359999656677246,3.837399959564209,3.8366000652313232,3.831700086593628,3.84879994392395,3.8501999378204346
19624944,Uruvalu Biryani,Whitefield,Bengaluru,Customer experience,Rated orders,0,3,0,0,0,0,0,2,1,1,2,3,0,0,1,2,1,2,2,2,1,1,0,2,1,1,2,2,1,0
19624944,Uruvalu Biryani,Whitefield,Bengaluru,Customer experience,Bad orders,0,3,1,0,0,1,0,0,2,3,5,2,0,3,2,4,3,1,3,3,0,2,2,2,2,2,1,3,2,0
19624944,Uruvalu Biryani,Whitefield,Bengaluru,Customer experience,Rejected orders,0,0,1,0,0,0,0,0,0,0,0,0,0,0,0,0,0,0,0,0,0,1,0,0,0,0,0,0,0,0
19624944,Uruvalu Biryani,Whitefield,Bengaluru,Customer experience,KPT+10 delayed orders,0,0,0,0,0,1,0,0,1,2,4,1,0,2,2,4,1,0,3,3,0,0,1,2,1,2,0,3,1,0
19624944,Uruvalu Biryani,Whitefield,Bengaluru,Customer experience,Poor rated orders,0,3,0,0,0,0,0,0,1,0,1,1,0,0,0,0,0,1,0,0,0,1,0,0,1,0,0,0,1,0
19624944,Uruvalu Biryani,Whitefield,Bengaluru,Customer experience,Total complaints,0,1,0,0,0,0,0,0,0,1,0,1,0,1,0,0,2,0,0,0,0,0,1,0,1,0,1,0,1,0
19624944,Uruvalu Biryani,Whitefield,Bengaluru,Customer experience,Non-refunded complaints,0,1,0,0,0,0,0,0,0,0,0,1,0,1,0,0,2,0,0,0,0,0,1,0,1,0,1,0,0,0
19624944,Uruvalu Biryani,Whitefield,Bengaluru,Customer experience,Total complaints - Poor packaging,0,0,0,0,0,0,0,0,0,0,0,0,0,0,0,0,0,0,0,0,0,0,1,0,0,0,0,0,0,0
19624944,Uruvalu Biryani,Whitefield,Bengaluru,Customer experience,Total complaints - Poor quality,0,1,0,0,0,0,0,0,0,1,0,1,0,0,0,0,1,0,0,0,0,0,1,0,1,0,1,0,1,0
19624944,Uruvalu Biryani,Whitefield,Bengaluru,Customer experience,Total complaints - Wrong order,0,0,0,0,0,0,0,0,0,0,0,0,0,0,0,0,0,0,0,0,0,0,0,0,0,0,0,0,0,0
19624944,Uruvalu Biryani,Whitefield,Bengaluru,Customer experience,Total complaints - Missing items,0,0,0,0,0,0,0,0,0,0,0,0,0,1,0,0,2,0,0,0,0,0,0,0,0,0,0,0,0,0
19624944,Uruvalu Biryani,Whitefield,Bengaluru,Customer experience,Self logs other ors,0,0,0,0,0,0,0,0,0,1,1,0,0,3,0,1,2,2,0,1,0,2,1,0,0,0,1,1,0,0
19624944,Uruvalu Biryani,Whitefield,Bengaluru,Customer experience,Lost sales (Rs),0,0,239,0,0,0,0,0,0,0,0,0,0,0,0,0,0,0,0,0,0,313,0,0,0,0,0,0,0,0
19624944,Uruvalu Biryani,Whitefield,Bengaluru,Customer experience,Online %,100,100,100,100,100,100,100,100,83.06,81.59,99.24,100,100,100,100,100,100,100,100,100,100,100,100,100,100,100,100,100,100,100
19624944,Uruvalu Biryani,Whitefield,Bengaluru,Customer experience,Offline time (in hours),0,0,0,0,0,0,0,0,2,2,0,0,0,0,0,0,0,0,0,0,0,0,0,0,0,0,0,0,0,0
19624944,Uruvalu Biryani,Whitefield,Bengaluru,Customer experience,KPT (in minutes),13.4867,12.4809,7.208,20.93,15.985,23.5888,14.885,13.17,21.215,20.5722,23.1863,19.1409,14.98,16.552,18.2538,21.8885,14.4511,28.2967,24.006,18.5285,24.116,22.8609,15.7013,27.2667,17.9771,16.85,21.8833,21.4689,13.7864,16.28
19624944,Uruvalu Biryani,Whitefield,Bengaluru,Customer experience,FOR accuracy (%),100,91.7,83.3,66.7,88.9,100,100,77.8,75,88.9,60,90.9,71.4,91.7,44.4,80,75,66.7,100,70.6,33.3,84.6,60,71.4,85.7,92.9,100,100,92.9,100
19624944,Uruvalu Biryani,Whitefield,Bengaluru,Customer funnel,Impressions,1241,1116,931,911,1169,1631,923,802,768,647,3479,2361,3311,1663,1569,1562,1525,1616,2655,2100,1403,1483,1434,1243,1610,1756,1944,1447,1376,1165
19624944,Uruvalu Biryani,Whitefield,Bengaluru,Customer funnel,Impressions to menu (%),6.5,6.4,5.4,5.7,6.2,5.3,5.1,5.7,4.9,6.5,5.3,5.6,4.3,6.7,5.5,6.7,7.8,6.8,5.2,5.7,7.2,6.3,5.6,6.2,5.6,5.6,5.1,5.7,7,7
19624944,Uruvalu Biryani,Whitefield,Bengaluru,Customer funnel,Menu opens,81,71,50,52,72,86,47,46,38,42,183,133,141,112,86,105,119,110,138,120,101,94,81,77,90,99,100,83,97,82
19624944,Uruvalu Biryani,Whitefield,Bengaluru,Customer funnel,Menu to cart (%),28.4,50.7,58,26.9,34.7,44.2,27.7,69.6,50,52.4,33.9,33.8,34,29.5,37.2,30.5,38.7,40,37,38.3,36.6,35.1,42,45.5,38.9,39.4,41,41,50.5,45.1
19624944,Uruvalu Biryani,Whitefield,Bengaluru,Customer funnel,Cart builds,23,36,29,14,25,38,13,32,19,22,62,45,48,33,32,32,46,44,51,46,37,33,34,35,35,39,41,34,49,37
19624944,Uruvalu Biryani,Whitefield,Bengaluru,Customer funnel,Cart to orders (%),21.7,33.3,20.7,21.4,36,21.1,15.4,28.1,42.1,40.9,16.1,24.4,14.6,36.4,28.1,46.9,26.1,13.6,31.4,37,16.2,39.4,29.4,20,40,35.9,17.1,29.4,28.6,27
19624944,Uruvalu Biryani,Whitefield,Bengaluru,Customer funnel,Placed Orders,5,12,6,3,9,8,2,9,8,9,10,11,7,12,9,15,12,6,16,17,6,13,10,7,14,14,7,10,14,10
19624944,Uruvalu Biryani,Whitefield,Bengaluru,Customer segmentation,New user orders,1,8,2,1,3,3,1,0,3,3,4,7,5,7,5,7,7,4,5,5,2,6,5,2,5,7,2,5,8,1
19624944,Uruvalu Biryani,Whitefield,Bengaluru,Customer segmentation,Repeat user orders,3,4,4,1,3,4,1,9,5,6,4,4,1,4,1,8,2,2,6,8,4,5,3,2,7,5,3,3,3,6
19624944,Uruvalu Biryani,Whitefield,Bengaluru,Customer segmentation,Lapsed user orders,1,0,0,1,3,1,0,0,0,0,2,0,1,1,3,0,3,0,5,4,0,2,2,3,2,2,2,2,3,3
19624944,Uruvalu Biryani,Whitefield,Bengaluru,Customer segmentation,Breakfast orders,0,0,0,0,0,0,0,0,0,0,0,0,0,0,0,0,0,0,0,0,0,0,0,0,0,0,0,0,0,0
19624944,Uruvalu Biryani,Whitefield,Bengaluru,Customer segmentation,Lunch orders,1,2,1,0,4,4,0,1,3,1,3,6,0,3,2,4,2,1,4,8,0,2,3,2,1,0,3,1,3,2
19624944,Uruvalu Biryani,Whitefield,Bengaluru,Customer segmentation,Snacks orders,0,0,0,0,1,0,0,1,0,2,0,0,0,1,1,1,0,0,2,1,0,0,1,0,1,0,1,0,4,1
19624944,Uruvalu Biryani,Whitefield,Bengaluru,Customer segmentation,Dinner orders,2,6,3,3,3,3,1,6,5,5,7,3,7,6,2,7,5,2,5,4,3,4,1,5,4,7,1,5,4,2
19624944,Uruvalu Biryani,Whitefield,Bengaluru,Customer segmentation,Late night orders,2,4,2,0,1,1,1,1,0,1,0,2,0,2,4,3,5,3,5,4,3,7,5,0,8,7,2,4,3,5
19624944,Uruvalu Biryani,Whitefield,Bengaluru,Ads,Sales from ads (Rs),0,0,0,0,0,0,0,0,0,0,3094.6,3736.2,2276.6,1903.8000000000002,1676.8,2277,664,1188,2920.75,2278.8999999999996,544,3029.0199999999995,490,628,2060,782.2,1868,1012.1,1716,0
19624944,Uruvalu Biryani,Whitefield,Bengaluru,Ads,Ads CTR (%),0,0,0,0,0,0,0,0,0,0,5.3,6.1,4.2,6.9,6,7,6.7,7.2,5,6,6.9,6.7,5.7,6.6,7.8,6.4,5.4,7,8.4,0
19624944,Uruvalu Biryani,Whitefield,Bengaluru,Ads,Ads impressions,0,0,0,0,0,0,0,0,0,0,2936,1693,2359,1090,1008,888,748,860,1758,1149,866,921,884,708,730,739,888,597,558,0
19624944,Uruvalu Biryani,Whitefield,Bengaluru,Ads,Ads menu opens,0,0,0,0,0,0,0,0,0,0,155,104,98,75,60,62,50,62,88,69,60,62,50,47,57,47,48,42,47,0
19624944,Uruvalu Biryani,Whitefield,Bengaluru,Ads,Ads orders,0,0,0,0,0,0,0,0,0,0,9,10,6,6,5,9,4,3,10,12,2,10,3,3,10,3,3,4,6,0
19624944,Uruvalu Biryani,Whitefield,Bengaluru,Ads,Ads spend (Rs),0,0,0,0,0,0,0,0,0,0,588.0000610351562,357.0000305175781,273.0000305175781,294.0000305175781,294.0000305175781,294.0000305175781,294.0000305175781,336.0000305175781,336.0000305175781,273.0000305175781,273.0000305175781,273.0000305175781,262.5,262.5,252,241.50001525878906,241.50001525878906,199.50001525878906,147.00001525878906,0
19624944,Uruvalu Biryani,Whitefield,Bengaluru,Ads,Ads ROI,0,0,0,0,0,0,0,0,0,0,9.18197183601516,15.039214400671147,13.783881243037829,8.704080729158287,7.836733880414495,11.282311754051598,3.6190472433858605,4.78571385104644,12.020832241527717,13.974357412221451,3.018314680909692,15.02930234923843,3.085714285714286,4.56,11.34920634920635,4.5383019906874,9.97101386275115,6.476189980858061,13.850338698371452,0
19624944,Uruvalu Biryani,Whitefield,Bengaluru,Offers,Orders with offers,1306.2,3908.8,1553.4,1711.3999,2851.8,3767.2,686.80005,2499.4,3288.2,3570.4,3348.6,4129,2515.6,2616.8,2064.8,2475,2228,1743.98,3345.81,3950.3,958,2862.02,2278,1172,2070.42,2517.6,2536,1667.9,1634.6,2956
19624944,Uruvalu Biryani,Whitefield,Bengaluru,Offers,Gross sales from offers (Rs),5,12,6,3,9,8,2,9,8,9,10,11,7,9,8,13,12,6,14,17,5,11,9,6,11,12,7,9,10,10
19624944,Uruvalu Biryani,Whitefield,Bengaluru,Offers,Discount given (Rs),473.7999954223633,2511.2000045776367,1249.599998474121,569.6000061035156,1179.200008392334,1863.7999725341797,157.20000457763672,737.599983215332,1585.8000259399414,1330.5999908447266,2543.400016784668,1726.0000324249268,1710.4000091552734,1195.1999969482422,1211.1999969482422,1700,1534,800.379997253418,1885.1900024414062,2317.960006713867,660,1359.339988708496,1129,969,1366.5800018310547,1393.360008239746,1040,870.0999984741211,994.4000015258789,1488
19624944,Uruvalu Biryani,Whitefield,Bengaluru,Offers,Effective discount (%),36.27315978669937,64.24478032153385,80.4428980838639,33.28269478825215,41.34932282075303,49.47441061508831,22.888758503419496,29.51108314134389,48.22699499690648,37.267533812424446,75.95412837038506,41.80188986255575,67.99172931933138,45.674104809172775,58.65943279281001,68.68686868686869,68.85098743267504,45.89387528624557,56.34480049455512,58.67807452756661,68.89352818371607,47.49582390870672,49.561018437225634,82.67918088737201,66.00496775521081,55.344770979985626,41.00946372239748,52.16739527177532,60.834455914477,50.3382949932341
20395465,Dilli Chaat,Whitefield,Bengaluru,Sales,Delivered orders,9,5,3,3,3,8,9,5,3,5,11,14,13,19,21,15,6,9,21,21,10,15,18,8,12,14,19,13,15,9
20395465,Dilli Chaat,Whitefield,Bengaluru,Sales,Sales (Rs),2432,1136,532,569.7999877929688,584,2550,2059,1400,964,1033,4111,3614,3470.199951171875,4473,4058,3244.800048828125,1283.199951171875,1910.56005859375,5170.52978515625,4483.580078125,2555.25,3114.27001953125,3944.2099609375,1775.679931640625,2294.75,2924.909912109375,4171.97998046875,2470.760009765625,3657.56005859375,1954.4000244140625
20395465,Dilli Chaat,Whitefield,Bengaluru,Sales,Market share (%),0,0,0,0,0,0,0,0,0,0,0,0,0,0,0,0,0,0,0,0,0,0,0,0,0,0,0,0,0,0
20395465,Dilli Chaat,Whitefield,Bengaluru,Customer experience,Average rating,4.022299766540527,4.022299766540527,4.02239990234375,4.029699802398682,4.030200004577637,4.030200004577637,4.030300140380859,4.030300140380859,4.029699802398682,4.029799938201904,4.030399799346924,4.03000020980835,4.029799938201904,4.025199890136719,4.032599925994873,4.032899856567383,4.0131001472473145,4.012899875640869,4.016900062561035,4.011000156402588,4.01140022277832,4.0117998123168945,4.01609992980957,4.010300159454346,4.001800060272217,4.002600193023682,3.998500108718872,4.002200126647949,4.002699851989746,4.005499839782715
20395465,Dilli Chaat,Whitefield,Bengaluru,Customer experience,Rated orders,0,0,1,0,0,0,0,2,0,0,1,3,0,3,3,1,0,1,2,1,1,1,3,0,4,1,0,1,0,1
20395465,Dilli Chaat,Whitefield,Bengaluru,Customer experience,Bad orders,0,0,0,1,1,0,0,1,1,0,2,2,0,3,3,2,1,1,1,4,1,2,4,1,1,0,2,0,1,1
20395465,Dilli Chaat,Whitefield,Bengaluru,Customer experience,Rejected orders,0,0,0,0,0,0,0,0,0,0,0,0,0,0,0,0,0,0,0,1,0,0,0,0,0,0,0,0,0,0
20395465,Dilli Chaat,Whitefield,Bengaluru,Customer experience,KPT+10 delayed orders,0,0,0,1,1,0,0,1,1,0,2,1,0,0,1,2,1,0,1,2,0,1,1,1,0,0,1,0,1,0
20395465,Dilli Chaat,Whitefield,Bengaluru,Customer experience,Poor rated orders,0,0,0,0,0,0,0,0,0,0,0,1,0,2,2,0,0,1,0,0,0,1,3,0,1,0,0,0,0,1
20395465,Dilli Chaat,Whitefield,Bengaluru,Customer experience,Total complaints,0,0,0,0,0,0,0,0,0,0,0,1,0,2,0,0,0,0,0,1,1,0,1,0,0,0,1,0,0,0
20395465,Dilli Chaat,Whitefield,Bengaluru,Customer experience,Non-refunded complaints,0,0,0,0,0,0,0,0,0,0,0,1,0,1,0,0,0,0,0,0,1,0,1,0,0,0,1,0,0,0
20395465,Dilli Chaat,Whitefield,Bengaluru,Customer experience,Total complaints - Poor packaging,0,0,0,0,0,0,0,0,0,0,0,0,0,0,0,0,0,0,0,0,0,0,0,0,0,0,1,0,0,0
20395465,Dilli Chaat,Whitefield,Bengaluru,Customer experience,Total complaints - Poor quality,0,0,0,0,0,0,0,0,0,0,0,1,0,1,0,0,0,0,0,0,0,0,1,0,0,0,0,0,0,0
20395465,Dilli Chaat,Whitefield,Bengaluru,Customer experience,Total complaints - Wrong order,0,0,0,0,0,0,0,0,0,0,0,0,0,0,0,0,0,0,0,1,1,0,0,0,0,0,0,0,0,0
20395465,Dilli Chaat,Whitefield,Bengaluru,Customer experience,Total complaints - Missing items,0,0,0,0,0,0,0,0,0,0,0,0,0,1,0,0,0,0,0,0,0,0,0,0,0,0,1,0,0,0
20395465,Dilli Chaat,Whitefield,Bengaluru,Customer experience,Self logs other ors,0,0,0,0,0,0,0,0,0,0,0,0,0,0,2,1,0,3,1,2,0,0,1,0,0,1,0,0,1,0
20395465,Dilli Chaat,Whitefield,Bengaluru,Customer experience,Lost sales (Rs),0,0,0,0,0,0,0,0,0,0,0,0,0,0,0,0,0,0,0,253.9,0,0,0,0,0,0,0,0,0,0
20395465,Dilli Chaat,Whitefield,Bengaluru,Customer experience,Online %,100,100,100,100,100,100,100,100,81.81,81.59,99.49,100,100,100,100,100,100,100,100,100,100,100,100,100,100,100,100,100,100,100
20395465,Dilli Chaat,Whitefield,Bengaluru,Customer experience,Offline time (in hours),0,0,0,0,0,0,0,0,2,2,0,0,0,0,0,0,0,0,0,0,0,0,0,0,0,0,0,0,0,0
20395465,Dilli Chaat,Whitefield,Bengaluru,Customer experience,KPT (in minutes),7.8313,8.89,7.6067,16.3033,17.4,15.5288,14.26,18.03,14.4067,19.13,19.7509,15.3685,15.4325,15.1111,15.9842,14.398,19.3567,17.7786,17.2463,15.1521,12.6833,11.115,15.5388,9.7786,11.2567,9.5631,12.1029,10.5175,17.1333,13.6538
20395465,Dilli Chaat,Whitefield,Bengaluru,Customer experience,FOR accuracy (%),100,100,100,66.7,66.7,87.5,77.8,60,66.7,66.7,63.6,100,92.3,78.9,61.9,80,100,66.7,81,72.7,70,80,83.3,75,91.7,93.3,78.9,84.6,93.3,88.9
20395465,Dilli Chaat,Whitefield,Bengaluru,Customer funnel,Impressions,861,666,646,587,833,910,593,572,491,540,2351,2074,2335,1367,1200,1168,1116,1325,2130,1652,1195,1158,1103,1232,1566,1682,1859,1485,1464,867
20395465,Dilli Chaat,Whitefield,Bengaluru,Customer funnel,Impressions to menu (%),8.8,9.2,8.5,6.8,7.8,10,10.1,8.7,8.6,9.4,7.1,7,6.8,8.1,9.2,9.1,8.7,8.5,7.2,8.2,8.4,11.2,10.4,8.2,7.7,9.3,8.1,8.6,8.5,8.1
20395465,Dilli Chaat,Whitefield,Bengaluru,Customer funnel,Menu opens,76,61,55,40,65,91,60,50,42,51,166,145,158,111,110,106,97,112,153,136,100,130,115,101,120,157,150,128,124,70
20395465,Dilli Chaat,Whitefield,Bengaluru,Customer funnel,Menu to cart (%),30.3,31.1,30.9,22.5,16.9,29.7,28.3,34,21.4,29.4,22.9,29,27.2,36,46.4,34,23.7,35.7,28.1,31.6,34,33.8,33,31.7,39.2,30.6,27.3,33.6,33.1,34.3
20395465,Dilli Chaat,Whitefield,Bengaluru,Customer funnel,Cart builds,23,19,17,9,11,27,17,17,9,15,38,42,43,40,51,36,23,40,43,43,34,44,38,32,47,48,41,43,41,24
20395465,Dilli Chaat,Whitefield,Bengaluru,Customer funnel,Cart to orders (%),39.1,26.3,17.6,33.3,27.3,29.6,52.9,29.4,33.3,40,28.9,33.3,30.2,47.5,41.2,41.7,26.1,22.5,48.8,51.2,29.4,34.1,47.4,25,25.5,31.3,46.3,30.2,36.6,37.5
20395465,Dilli Chaat,Whitefield,Bengaluru,Customer funnel,Placed Orders,9,5,3,3,3,8,9,5,3,6,11,14,13,19,21,15,6,9,21,22,10,15,18,8,12,15,19,13,15,9
20395465,Dilli Chaat,Whitefield,Bengaluru,Customer segmentation,New user orders,4,3,2,1,0,5,3,3,1,3,7,8,11,8,9,9,5,6,9,11,5,10,11,3,6,10,12,7,9,5
20395465,Dilli Chaat,Whitefield,Bengaluru,Customer segmentation,Repeat user orders,4,2,1,2,3,3,4,2,2,3,2,6,2,6,9,3,1,2,9,7,4,3,5,5,2,4,6,6,4,3
20395465,Dilli Chaat,Whitefield,Bengaluru,Customer segmentation,Lapsed user orders,1,0,0,0,0,0,2,0,0,0,2,0,0,5,3,3,0,1,3,4,1,2,2,0,4,1,1,0,2,1
20395465,Dilli Chaat,Whitefield,Bengaluru,Customer segmentation,Breakfast orders,0,0,0,0,0,0,0,0,0,0,0,0,0,0,0,0,0,0,0,0,0,0,0,0,0,0,0,0,0,0
20395465,Dilli Chaat,Whitefield,Bengaluru,Customer segmentation,Lunch orders,0,1,0,1,0,2,1,0,0,0,3,2,3,10,6,1,2,1,9,5,2,4,4,5,3,2,8,3,5,0
20395465,Dilli Chaat,Whitefield,Bengaluru,Customer segmentation,Snacks orders,0,0,0,0,1,1,3,1,0,0,0,1,1,3,4,3,3,2,3,2,3,4,1,0,1,4,5,3,2,1
20395465,Dilli Chaat,Whitefield,Bengaluru,Customer segmentation,Dinner orders,6,2,2,2,1,3,3,4,3,5,7,8,8,5,6,5,1,4,3,9,2,4,7,2,4,4,5,5,7,3
20395465,Dilli Chaat,Whitefield,Bengaluru,Customer segmentation,Late night orders,3,2,1,0,1,2,2,0,0,1,1,3,1,1,5,6,0,2,6,6,3,3,6,1,4,5,1,2,1,5
20395465,Dilli Chaat,Whitefield,Bengaluru,Ads,Sales from ads (Rs),0,0,0,0,0,0,0,0,0,0,4111,3143,2788.2000000000003,4335,3165.4,2495.2,843,1644.56,3208.71,3823.0499999999997,1397.9,2726.36,2855.99,1195.87,1689.76,1760.19,3365.4399999999996,1950.7899999999997,1908.72,0
20395465,Dilli Chaat,Whitefield,Bengaluru,Ads,Ads CTR (%),0,0,0,0,0,0,0,0,0,0,7.1,7.6,7.4,9.6,10.6,10.1,9.3,9.4,7.1,9,9.5,11.8,11.4,9.3,8,10.3,8.9,10,8.4,0
20395465,Dilli Chaat,Whitefield,Bengaluru,Ads,Ads impressions,0,0,0,0,0,0,0,0,0,0,2032,1521,1658,935,754,759,647,764,1473,825,738,659,656,756,779,759,921,767,718,0
20395465,Dilli Chaat,Whitefield,Bengaluru,Ads,Ads menu opens,0,0,0,0,0,0,0,0,0,0,145,116,123,90,80,77,60,72,105,74,70,78,75,70,62,78,82,77,60,0
20395465,Dilli Chaat,Whitefield,Bengaluru,Ads,Ads orders,0,0,0,0,0,0,0,0,0,0,11,12,11,18,17,11,4,7,14,18,6,12,12,5,8,8,15,10,9,0
20395465,Dilli Chaat,Whitefield,Bengaluru,Ads,Ads spend (Rs),0,0,0,0,0,0,0,0,0,0,420.0000305175781,252,126,210.00001525878906,210.00001525878906,210.00001525878906,210.00001525878906,231,231,84.00000762939453,210.00001525878906,210.00001525878906,220.50001525878906,210.00001525878906,210.00001525878906,199.50001525878906,136.50001525878906,220.50001525878906,178.50001525878906,0
20395465,Dilli Chaat,Whitefield,Bengaluru,Ads,Ads ROI,0,0,0,0,0,0,0,0,0,0,11.216665851653628,15.25,26.595238095238095,22.071426967698816,20.047617590941105,14.56190370382373,4.890475835129814,8.831168831168831,18.12121212121212,60.26070881246759,7.380475654204186,16.85714163228777,16.557821983436224,6.866666167728521,10.257142111849676,11.538846235244007,30.410253010815854,11.551019608822804,14.291315304940248,0
20395465,Dilli Chaat,Whitefield,Bengaluru,Offers,Orders with offers,1228,464,389,569.8,416,2421,2059,1400,964,619,3535,3476,2597.2,1817,3212,1900.8,869.2,1100.56,2785.53,3895.48,1243.35,2433.27,3806.21,1379.6799,2294.75,2528.55,2787.98,2332.76,2352.56,1392.4
20395465,Dilli Chaat,Whitefield,Bengaluru,Offers,Gross sales from offers (Rs),6,2,2,3,2,7,9,5,3,3,9,13,11,7,18,10,5,6,14,19,6,13,17,7,12,13,15,12,10,7
20395465,Dilli Chaat,Whitefield,Bengaluru,Offers,Discount given (Rs),300,100,100,137.20000076293945,100,435,450,350,150,150,600,800,612.8000030517578,436.72000217437744,1329,845.2000021934509,330.79999923706055,515.4400024414062,1239.0300025939941,1482.4200038909912,343.6579933166504,1079.7450065612793,1094.879005432129,497.3519973754883,665.8679962158203,911.8559875488281,1071.059996008873,740.2860074043274,898.4649963378906,501.5999927520752
20395465,Dilli Chaat,Whitefield,Bengaluru,Offers,Effective discount (%),24.429967426710096,21.551724137931036,25.70694087403599,24.078624728365163,24.03846153846154,17.967781908302353,21.85526954832443,25,15.560165975103734,24.232633279483036,16.973125884016973,23.014959723820482,23.59464094303783,24.035223014550215,41.376089663760894,44.465487188646215,38.05798373116781,46.83433661039945,44.48094221072716,38.05487414448499,27.639683119364612,44.37423705114665,28.765596660948557,36.04836063564901,29.017016939353756,36.06240611972203,38.41706194134124,31.73434062249313,38.1909483269452,36.024129844665445
